เขต,1/10/2553,1/11/2553,1/12/2553,1/1/2554,1/2/2554,1/3/2554,1/4/2554,1/5/2554,1/6/2554,1/7/2554,1/8/2554,1/9/2554,1/10/2554,1/11/2554,1/12/2554,1/1/2555,1/2/2555,1/3/2555,1/4/2555,1/5/2555,1/6/2555,1/7/2555,1/8/2555,1/9/2555,1/10/2555,1/11/2555,1/12/2555,1/1/2556,1/2/2556,1/3/2556,1/4/2556,1/5/2556,1/6/2556,1/7/2556,1/8/2556,1/9/2556,1/10/2556,1/11/2556,1/12/2556,1/1/2557,1/2/2557,1/3/2557,1/4/2557,1/5/2557,1/6/2557,1/7/2557,1/8/2557,1/9/2557,1/10/2557,1/11/2557,1/12/2557,1/1/2558,1/2/2558,1/3/2558,1/4/2558,1/5/2558,1/6/2558,1/7/2558,1/8/2558,1/9/2558,1/10/2558,1/11/2558,1/12/2558,1/1/2559,1/2/2559,1/3/2559,1/4/2559,1/5/2559,1/6/2559,1/7/2559,1/8/2559,1/9/2559,1/10/2559,1/11/2559,1/12/2559,1/1/2560,1/2/2560,1/3/2560,1/4/2560,1/5/2560,1/6/2560,1/7/2560,1/8/2560,1/9/2560,1/10/2560,1/11/2560,1/12/2560,1/1/2561,1/2/2561,1/3/2561,1/4/2561,1/5/2561,1/6/2561,1/7/2561,1/8/2561,1/9/2561,1/10/2561,1/11/2561,1/12/2561,1/1/2562,1/2/2562,1/3/2562,1/4/2562,1/5/2562,1/6/2562,1/7/2562,1/8/2562,1/9/2562,1/10/2562,1/11/2562,1/12/2562,1/1/2563,1/2/2563,1/3/2563,1/4/2563,1/5/2563,1/6/2563,1/7/2563,1/8/2563,1/9/2563,1/10/2563,1/11/2563,1/12/2563,1/1/2564,1/2/2564,1/3/2564,1/4/2564,1/5/2564,1/6/2564,1/7/2564,1/8/2564,1/9/2564,1/10/2564,1/11/2564,1/12/2564,1/1/2565,1/2/2565,1/3/2565,1/4/2565,1/5/2565,1/6/2565,1/7/2565,1/8/2565,1/9/2565
คลองเตย,"8,801.66",8214.82 ,"8,378.24","8,227.06",7819.61 ,8866.77 ,"7,989.38","8,903.28","8,881.01","9,018.87","9,341.81","9,048.80","8,718.10","9,070.47","9,494.45","9,485.00","9,020.16","9,876.44","8,798.24","9,865.71","9,589.13","9,892.81","9,798.63","9,757.84","10,353.60","9,990.13","9,945.94","10,076.70","9,417.61",10371.00 ,9625.22 ,10995.90 ,"10,705.60","10,697.40","10,914.60","11,105.80","11,205.60","10,063.80","9,975.19","10,084.60","9,350.83",10412.40 ,9728.25 ,10582.30 ,"10,701.70","10,623.80","10,513.50","10,133.10","11,091.20","10,082.50","10,219.00","10,043.90","9,458.38",10536.50 ,9963.66 ,10580.30 ,"10,783.60","10,526.10","10,526.80","10,074.60","10,644.70","10,120.00","9,847.81","7,634.42","9,730.95",10559.50 ,9415.67 ,10088.60 ,"10,404.40","10,555.40","10,765.70","9,875.75","10,256.30","9,713.38","9,687.42","9,727.68","8,739.97",10093.80 ,9192.37 ,10250.40 ,"10,085.40","10,065.90","9,447.58","9,135.98","9,273.45","8,864.92","8,808.67","8,952.41","8,583.18",9397.08 ,8712.35 ,9585.28 ,"9,290.67","9,346.70","9,629.90","9,213.72","8,616.38","8,866.23","9,091.12","8,570.90","9,215.19","8,494.38","8,900.68","8,799.86","9,360.64","9,642.36","9,011.94","107,875.94","8,510.88","8,963.05","9,265.36","8,499.32","8,797.98","8,465.99","8,214.78","7,627.98","7,288.13","7,332.18","7,258.54","99,297.35","7,424.94","6,999.95","7,101.32","6,687.54","6,771.80","7,700.81","6,842.05","6,187.28","6,708.68","6,648.74","6,593.22","6,851.82","6,916.77","6,736.57","6,943.57","7,073.92","6,568.48","7,399.27","7,308.97","7,906.60","7,972.07","7,979.00","7,960.85","8,784.61"
คลองสาน,"3,681.78",3484.53 ,"3,545.61","3,533.28",3359.96 ,3756.86 ,"3,541.38","3,902.05","3,936.00","3,835.63","3,977.11","3,677.62","3,508.62","3,881.12","3,936.04","3,846.14","3,647.53","3,829.24","3,677.87","3,999.43","3,817.91","3,874.64","3,908.53","3,850.47","3,995.21","3,784.91","3,815.75","3,863.04","3,635.66",3919.86 ,3766.36 ,3798.11 ,"3,951.50","3,973.88","3,961.32","3,955.16","3,873.71","3,693.31","3,607.25","3,712.00","3,391.36",3707.31 ,3586.62 ,3798.56 ,"3,948.18","4,073.93","4,082.98","3,887.06","4,045.38","3,842.80","3,988.61","3,875.30","3,859.41",4310.24 ,3862.96 ,4226.73 ,"4,264.26","4,359.44","4,224.99","4,057.81","4,177.18","3,959.10","3,898.44","3,986.61","3,741.02",3967.67 ,3670.34 ,3655.62 ,"3,654.93","3,790.77","3,967.30","3,740.79","3,901.31","3,521.05","3,841.83","3,900.89","3,397.92",3879.47 ,3649.19 ,4087.39 ,"3,822.36","4,017.34","3,886.84","3,779.88","3,953.14","3,741.27","3,771.21","3,862.31","3,630.11",3967.80 ,3725.06 ,4045.37 ,"3,797.35","3,722.18","3,868.45","3,534.99","3,966.11","4,132.98","4,154.18","3,867.40","4,037.95","3,917.06","4,024.85","3,920.29","3,917.07","4,152.10","4,045.13","47,994.78","3,897.66","4,078.72","3,778.38","3,139.54","3,280.56","2,916.19","3,189.07","3,185.14","3,183.29","3,184.69","3,085.18","41,040.81","3,166.05","3,084.62","3,101.57","3,014.40","2,890.75","3,255.87","3,077.62","3,197.38","2,990.16","2,844.01","2,827.28","2,887.97","3,052.92","2,966.39","3,041.86","3,111.81","2,844.69","3,131.93","3,078.69","3,300.93","3,255.29","3,278.10","3,296.85","3,252.38"
คลองสามวา,"4,123.38",3656.91 ,"3,595.16","3,536.87",3488.02 ,4088.90 ,"3,873.25","4,348.28","4,250.48","4,245.75","3,836.32","3,363.19","2,842.52","4,012.67","4,458.77","4,419.50","4,141.66","4,338.78","4,363.81","4,825.84","4,645.73","4,894.74","5,099.42","5,132.68","5,171.30","4,695.97","4,861.60","4,990.94","4,561.80",5020.69 ,5031.28 ,5401.95 ,"5,319.59","5,484.77","5,363.77","5,131.34","5,399.62","4,803.50","4,879.29","4,958.71","4,669.84",5075.75 ,4957.60 ,5449.83 ,"5,477.26","5,557.80","5,672.19","5,161.34","5,355.51","4,914.95","5,126.43","5,129.61","4,967.98",5670.94 ,5516.70 ,5693.37 ,"5,506.56","5,693.69","5,784.38","5,550.04","5,751.15","5,122.63","5,324.25","5,566.20","5,172.26",5526.97 ,5045.44 ,5596.63 ,"5,816.71","4,960.18","4,995.83","5,152.79","5,703.21","5,372.60","5,670.00","5,886.45","5,146.91",5968.13 ,5639.30 ,6380.94 ,"5,708.96","6,274.86","6,521.29","6,318.49","6,536.56","6,020.13","6,098.24","6,346.98","5,499.77",6562.01 ,5635.02 ,6388.36 ,"6,258.45","5,821.24","6,048.60","5,570.11","6,015.60","6,280.77","6,516.25","6,057.71","6,490.98","6,330.75","6,734.77","6,669.83","6,836.16","6,810.42","6,582.20","77,963.03","6,112.82","5,969.17","6,147.93","5,083.97","5,317.09","5,837.04","6,341.55","6,247.50","6,169.61","6,134.45","5,992.43","71,967.45","6,203.89","5,566.10","5,693.59","5,647.36","5,426.07","6,206.15","6,232.08","6,807.55","6,099.49","6,452.76","6,623.01","6,458.12","6,334.39","5,860.48","5,906.33","6,057.48","5,877.11","6,358.89","6,286.11","7,019.59","6,927.04","6,811.54","6,890.41","6,616.09"
คันนายาว,"3,276.34",2934.21 ,"3,053.96","2,757.95",2515.22 ,2957.67 ,"2,759.80","3,104.83","3,106.54","3,245.72","3,320.33","2,739.75","3,054.12","3,674.74","4,086.38","3,907.05","3,468.04","3,735.28","3,645.61","4,133.13","3,911.34","3,997.38","4,147.94","4,000.44","4,162.49","3,830.98","3,983.54","3,958.04","3,540.85",3610.85 ,3754.09 ,3864.26 ,"4,090.01","4,119.99","4,060.22","4,004.30","4,170.59","3,719.78","3,350.06","3,449.46","3,326.33",3742.79 ,3721.20 ,3823.49 ,"3,820.41","3,992.72","4,074.19","3,749.91","3,678.94","3,431.45","3,568.87","3,578.16","3,835.14",4697.70 ,4266.61 ,4200.69 ,"4,268.41","4,301.58","3,869.89","3,854.96","4,245.39","3,763.52","3,914.08","4,336.27","4,148.11",4509.01 ,4400.40 ,4784.56 ,"4,808.87","4,354.19","4,392.83","4,272.10","4,588.77","4,127.01","4,021.92","4,061.89","3,690.39",4314.23 ,4061.45 ,4631.73 ,"4,440.39","4,754.63","4,516.12","4,354.92","4,562.05","4,257.13","4,452.33","4,644.34","4,153.56",4600.69 ,4237.22 ,5109.66 ,"4,733.23","4,637.76","4,886.96","4,657.03","4,345.60","4,444.60","4,553.09","4,179.76","4,536.71","4,410.53","4,675.46","4,541.08","4,702.68","5,026.68","4,638.99","54,827.53","4,423.77","4,073.53","4,086.05","3,543.55","3,514.36","3,688.11","4,082.55","4,175.51","4,128.17","4,053.81","4,105.92","48,674.38","4,047.00","3,722.41","3,774.27","3,691.73","3,589.18","4,079.53","4,033.57","4,078.13","3,912.93","3,882.65","3,867.12","4,035.29","4,053.71","3,791.71","3,814.34","3,784.28","3,602.22","3,951.72","3,845.15","4,397.82","4,264.95","4,244.98","4,213.31","4,076.82"
จตุจักร,"10,878.80",9657.71 ,"9,830.56","9,616.42",9354.03 ,10544.60 ,"9,552.23","10,832.00","10,700.10","10,874.20","11,028.70","10,449.60","7,668.98","10,314.30","11,934.60","11,370.70","10,415.70","10,828.70","10,383.20","11,563.50","11,395.00","11,503.10","11,480.60","11,411.10","11,283.30","10,855.00","11,109.10","11,069.00","10,309.90",10997.90 ,10822.00 ,11245.70 ,"11,598.50","11,806.10","11,994.20","11,599.60","11,853.30","10,802.90","10,396.10","10,472.20","9,782.33",11338.10 ,10640.50 ,11398.00 ,"11,290.30","11,592.70","11,913.60","11,061.70","11,642.40","10,801.40","11,236.60","10,896.30","10,939.70",11861.90 ,10970.00 ,11956.80 ,"12,011.50","12,091.40","12,131.30","11,404.60","12,498.90","10,699.00","10,703.10","11,429.60","10,939.60",11882.60 ,10953.90 ,12260.90 ,"12,869.30","12,862.70","12,894.70","12,650.70","12,890.00","11,989.00","11,882.20","11,635.50","10,793.50",12900.90 ,11627.60 ,13538.70 ,"13,299.90","13,693.90","14,122.20","13,248.40","13,190.90","12,824.30","12,606.30","12,679.50","11,775.10",13805.80 ,12403.80 ,14280.40 ,"13,604.80","13,543.30","13,763.90","13,194.20","12,325.50","12,454.90","12,455.80","11,651.00","12,598.50","11,833.80","12,573.80","12,490.20","12,833.70","13,149.90","12,456.10","150,381.20","11,908.43","11,443.30","11,053.81","9,171.98","9,207.18","8,633.05","9,565.65","9,911.70","10,151.45","9,971.41","9,942.01","123,616.75","10,028.07","9,287.42","9,427.85","8,728.75","8,668.71","10,079.79","9,336.31","9,409.23","8,938.92","8,762.53","8,601.05","8,680.54","9,035.98","8,687.61","8,766.36","8,525.51","8,763.82","9,178.20","8,675.37","9,883.83","10,174.56","9,820.60","10,254.71","10,104.07"
จอมทอง,"5,987.45",5413.54 ,"5,612.31","5,419.45",5263.40 ,6179.37 ,"5,512.20","6,141.13","6,228.83","6,233.70","6,307.16","5,851.84","5,179.30","6,247.56","5,733.64","5,946.18","5,405.40","5,647.96","5,536.82","6,209.33","5,962.78","5,948.68","6,157.99","6,099.21","6,398.27","5,816.52","5,950.49","6,057.76","5,679.38",6027.13 ,5690.33 ,6136.23 ,"6,758.35","6,566.61","6,610.45","6,486.56","6,294.96","5,675.52","5,589.39","5,687.29","5,340.46",5938.26 ,5797.05 ,6385.27 ,"6,593.50","6,884.47","7,049.10","6,459.52","6,556.25","5,814.57","6,023.60","5,739.65","5,930.45",6484.48 ,5929.00 ,6657.73 ,"6,849.54","6,534.70","6,466.99","6,344.83","6,404.11","5,801.95","5,817.93","5,859.39","6,048.96",6496.92 ,5972.32 ,5768.94 ,"5,900.63","6,061.15","5,949.04","5,727.50","5,288.75","5,807.97","5,413.28","5,437.61","5,060.80",5727.48 ,5473.81 ,6745.87 ,"5,513.69","6,696.92","6,658.69","6,023.48","6,265.85","6,034.12","6,134.88","6,368.86","5,988.34",6527.37 ,6200.64 ,7029.14 ,"6,733.89","6,498.68","6,830.38","6,077.26","6,081.21","6,115.37","6,307.24","5,879.67","6,097.98","6,037.73","6,493.11","6,214.78","6,178.00","6,639.64","6,670.66","75,219.86","6,015.61","6,004.05","5,665.85","4,868.05","5,356.52","5,432.75","6,026.27","5,723.30","5,528.47","5,422.56","5,560.73","68,264.00","5,691.55","5,137.03","5,200.25","5,144.69","5,062.34","5,614.91","5,641.73","6,306.57","5,905.16","5,877.60","5,840.53","5,753.93","5,833.19","5,390.97","5,335.02","5,292.03","5,119.29","5,456.69","5,244.85","6,005.87","6,111.76","5,838.41","5,709.79","5,462.08"
ดอนเมือง,"5,041.25",4434.55 ,"4,651.16","4,574.63",4421.48 ,5123.86 ,"4,777.12","5,258.23","4,949.84","4,899.83","4,824.39","4,385.67","1,828.35","3,875.48","24,301.50","5,736.96","4,766.02","5,036.83","4,886.62","5,438.89","5,174.85","5,172.38","5,126.98","5,119.92","5,257.11","4,895.70","4,905.42","5,044.69","4,696.77",5024.95 ,4856.87 ,5269.71 ,"5,389.64","5,334.17","5,303.68","5,195.18","5,304.69","4,919.11","4,810.74","4,920.17","4,637.56",5119.98 ,5099.81 ,5401.51 ,"5,348.51","5,537.68","5,552.03","5,272.98","5,560.58","5,327.29","5,490.38","5,496.15","5,256.90",5776.99 ,5471.91 ,5784.49 ,"5,798.75","5,805.42","6,042.98","5,568.34","5,887.13","5,166.31","5,341.01","5,811.64","5,486.84",5942.96 ,5704.66 ,6001.01 ,"5,788.18","5,955.37","5,949.79","5,986.08","6,131.23","5,811.68","5,787.31","5,857.35","5,254.71",6179.41 ,5735.23 ,6500.08 ,"6,316.19","6,559.10","6,534.23","6,200.17","6,486.68","6,140.07","6,080.85","6,438.03","5,875.88",6741.40 ,6297.95 ,7098.63 ,"6,542.69","6,827.16","6,847.77","6,458.73","6,199.86","6,332.64","6,451.70","5,942.29","6,429.72","6,279.37","6,488.33","6,264.89","6,426.89","6,556.28","6,186.89","76,400.97","5,850.14","5,620.01","5,482.24","4,307.46","4,595.64","4,847.54","5,137.20","5,077.44","5,151.10","5,056.15","5,016.45","62,514.33","5,066.61","4,628.54","4,618.95","4,907.19","4,415.15","5,038.87","5,068.59","5,322.51","4,842.91","4,929.98","5,082.65","4,935.90","4,890.58","4,647.40","4,667.71","4,635.83","4,535.64","4,956.38","4,910.18","5,521.37","5,311.29","5,161.30","5,200.89","5,328.53"
ดินแดง,"7,187.52",6589.76 ,"6,775.47","6,664.12",6317.99 ,7300.53 ,"6,681.13","7,514.64","7,295.70","7,357.70","7,398.88","7,060.72","7,132.23","7,435.11","7,847.26","7,873.49","7,363.08","7,927.63","7,491.33","8,284.03","7,657.95","7,771.92","7,813.30","8,000.91","8,211.74","7,935.50","8,104.80","8,159.80","7,599.79",8363.84 ,7927.53 ,8299.58 ,"8,556.77","8,787.88","8,703.98","8,529.43","8,551.20","7,753.49","8,091.90","8,255.68","7,694.85",8550.66 ,8175.62 ,8751.33 ,"8,594.89","8,573.54","8,481.18","8,382.81","8,939.19","7,986.27","8,127.96","8,067.78","7,511.69",8399.43 ,7768.52 ,8477.35 ,"8,174.40","8,084.55","8,340.53","8,003.32","8,107.48","8,027.97","8,062.45","8,240.22","7,773.39",8530.51 ,7876.13 ,8498.53 ,"8,707.48","8,577.32","8,751.72","8,533.82","8,667.99","8,322.57","8,243.56","8,236.13","7,664.64",8776.60 ,8199.59 ,9410.31 ,"8,876.63","9,163.96","9,140.19","8,652.30","9,296.14","8,554.03","8,421.37","8,698.82","8,025.83",9174.80 ,8569.70 ,9490.48 ,"9,011.95","8,962.59","9,327.31","8,830.82","8,456.10","8,812.51","8,817.08","8,327.21","8,778.67","8,432.13","8,850.32","8,653.85","8,627.62","9,013.99","8,819.24","104,521.61","8,397.65","8,389.37","8,077.29","7,291.86","7,654.65","8,505.73","7,837.15","6,667.50","6,752.68","6,670.87","6,799.24","92,038.53","6,700.32","6,197.95","6,446.90","6,181.87","6,212.48","6,939.77","6,458.99","6,561.30","6,219.72","6,428.43","6,377.70","6,229.89","6,452.90","6,084.47","6,028.09","6,019.57","5,823.44","6,480.47","6,109.62","7,039.33","6,974.72","7,160.78","7,058.82","7,233.08"
ดุสิต,"5,377.86",5046.55 ,"5,198.44","4,929.39",4862.97 ,5487.87 ,"5,202.23","5,630.16","5,676.48","5,680.79","5,747.35","5,433.88","5,532.81","5,103.81","5,587.76","5,442.21","5,272.34","5,326.01","5,231.64","5,751.77","5,572.55","5,622.28","5,693.89","5,707.22","5,691.83","5,446.58","5,521.80","5,527.92","5,079.76",5435.45 ,5085.21 ,5168.61 ,"5,455.49","5,617.43","5,638.63","5,436.85","5,564.93","5,246.22","4,998.92","5,035.14","4,702.11",5088.88 ,4856.87 ,5319.94 ,"5,497.55","5,631.56","5,791.81","5,181.69","5,373.75","5,115.48","5,155.26","5,080.19","4,969.23",5394.38 ,5132.63 ,5404.70 ,"5,401.13","5,516.35","5,571.36","5,345.56","5,549.75","5,087.89","5,127.54","5,279.50","5,035.40",5530.69 ,5042.34 ,5178.10 ,"5,347.31","5,452.04","5,722.20","5,397.32","5,507.77","5,326.83","5,265.11","5,198.61","4,690.99",5532.39 ,4973.43 ,5787.05 ,"5,482.74","5,480.81","5,331.74","5,173.03","5,203.13","5,172.06","5,305.81","5,200.54","4,972.77",5439.65 ,4859.39 ,5649.70 ,"5,311.60","5,080.30","5,351.61","4,875.39","5,087.24","5,134.48","5,293.90","4,644.02","4,882.62","4,715.41","5,111.29","5,187.15","5,270.07","5,503.60","5,088.96","61,142.44","4,833.82","4,749.55","4,540.68","3,841.01","3,806.31","3,543.80","3,855.31","3,875.79","4,024.86","4,012.75","3,967.45","50,274.77","4,065.81","3,757.68","3,755.90","3,468.75","3,467.16","4,017.81","3,584.34","3,735.00","3,507.49","3,371.46","3,481.75","3,479.17","3,493.53","3,397.15","3,320.14","3,347.76","3,279.75","3,588.12","3,385.34","3,805.34","3,850.69","3,806.58","3,785.62","3,630.85"
ตลิ่งชัน,"3,440.30",3093.74 ,"3,264.73","3,162.57",3030.75 ,3619.37 ,"3,381.41","3,765.73","3,737.12","3,759.72","3,741.41","3,398.56","2,687.64","3,589.19","4,211.79","3,852.30","3,505.57","3,582.03","3,481.09","3,732.94","3,719.78","3,657.62","3,801.99","3,717.83","3,783.66","3,600.76","3,658.51","3,735.06","3,417.56",3622.87 ,3568.86 ,3764.36 ,"3,986.58","3,972.97","3,855.09","3,775.41","3,896.65","3,686.28","3,638.69","3,563.62","3,425.85",3811.37 ,3633.91 ,3870.54 ,"4,045.24","4,250.30","4,317.04","4,058.30","4,202.97","3,881.68","4,037.96","3,945.52","3,738.94",4251.66 ,3962.39 ,4104.59 ,"4,145.45","4,106.38","4,182.39","4,105.85","4,292.35","3,893.18","3,893.59","3,906.57","3,759.91",4093.91 ,3711.79 ,3997.60 ,"4,090.33","4,282.80","4,283.62","4,154.79","4,274.98","3,947.74","4,182.97","4,205.10","3,644.86",4184.88 ,3979.05 ,4654.61 ,"4,435.61","4,635.87","4,608.04","4,470.73","4,693.45","4,368.31","4,386.27","4,516.77","4,304.25",4726.93 ,4524.61 ,5099.72 ,"4,557.22","4,513.84","4,641.88","4,212.41","4,246.11","4,420.37","4,441.89","4,149.72","4,349.34","4,295.94","4,492.74","4,366.84","4,571.40","4,702.99","4,628.15","53,223.20","4,362.74","4,425.68","4,189.72","3,673.67","3,990.20","3,947.81","4,346.29","4,293.02","4,318.49","4,346.93","4,347.48","51,027.20","4,173.85","3,907.48","3,918.43","3,866.38","3,727.09","4,217.24","4,145.83","4,341.98","4,092.58","4,124.81","4,218.52","4,285.50","4,310.13","4,182.72","4,060.91","4,062.12","3,940.26","4,244.11","4,056.73","4,499.04","4,456.40","4,460.89","4,555.56","4,468.12"
ทวีวัฒนา,"2,936.70",2602.65 ,"2,617.04","2,539.13",2450.70 ,2854.02 ,"2,718.33","3,083.72","2,853.68","2,986.27","2,976.36","2,891.06","1,215.82","2,797.95","3,833.86","3,056.30","2,808.51","2,819.92","2,765.00","2,846.26","2,953.87","2,891.48","2,917.44","2,903.59","3,038.41","2,884.38","2,763.43","2,873.97","2,688.88",2886.33 ,2757.86 ,2949.08 ,"3,082.11","3,069.68","3,075.31","3,079.24","3,136.18","2,851.88","2,783.70","2,806.78","2,634.12",2917.95 ,2825.32 ,3108.14 ,"2,762.85","2,936.43","3,279.62","3,178.36","3,346.42","3,175.27","3,158.35","3,031.88","2,956.47",3312.67 ,2885.31 ,3055.81 ,"3,114.78","3,151.26","3,260.57","3,259.80","3,436.38","3,080.64","3,046.95","3,023.37","2,856.62",2994.20 ,2599.88 ,2788.80 ,"2,946.27","3,184.76","3,047.43","2,856.76","2,429.98","3,107.33","2,760.55","2,744.46","2,606.89",2920.27 ,2877.49 ,3447.48 ,"2,716.71","3,416.05","3,477.80","3,210.70","3,286.79","3,153.07","2,961.29","3,151.01","3,002.46",3505.10 ,3122.74 ,3669.53 ,"3,391.67","3,379.47","3,471.81","3,447.39","3,214.98","3,393.64","3,435.16","3,193.39","3,497.84","3,389.43","3,573.89","3,379.67","3,654.64","3,650.27","3,537.90","41,512.11","3,261.86","3,342.05","3,344.39","3,138.47","3,325.63","3,933.82","3,511.08","3,667.19","3,603.13","3,551.93","3,660.68","41,864.86","3,668.10","3,293.46","3,271.80","3,192.34","3,140.46","3,615.24","3,577.52","3,690.08","3,554.17","3,500.44","3,674.92","3,605.56","3,755.53","3,511.82","3,367.82","3,385.97","3,336.65","3,548.97","3,483.33","3,911.63","3,778.79","3,830.01","3,936.49","3,804.04"
ทุ่งครุ,"3,566.98",3166.42 ,"3,328.38","3,282.59",3214.64 ,3745.87 ,"3,367.10","3,806.32","3,712.11","3,760.84","3,803.43","3,418.21","3,295.58","3,748.43","3,271.68","3,351.67","3,212.74","3,561.71","3,510.12","3,787.71","3,494.47","3,734.03","3,766.62","3,793.37","3,868.97","3,711.52","3,690.20","3,737.70","3,494.54",3791.51 ,3603.87 ,3835.93 ,"4,010.70","3,736.12","3,936.58","4,029.12","3,921.34","3,450.42","3,366.18","3,383.00","3,449.11",3827.63 ,3465.49 ,3641.65 ,"3,763.07","3,917.84","4,090.91","3,797.13","3,748.71","3,261.77","3,324.37","3,297.55","3,234.44",3616.02 ,3583.43 ,3719.20 ,"3,406.11","3,854.21","3,621.28","3,351.65","3,637.04","3,516.70","3,429.59","3,402.09","3,475.66",4198.28 ,3953.77 ,4206.12 ,"4,115.30","4,444.52","4,550.85","4,350.47","4,714.54","4,102.89","4,151.54","4,304.36","3,674.13",4300.44 ,4076.05 ,4645.18 ,"4,375.16","4,517.37","4,463.40","4,335.92","4,632.61","4,161.68","4,226.75","4,299.31","4,124.53",4556.64 ,4327.12 ,4701.27 ,"4,304.10","4,187.84","4,228.74","3,908.85","3,907.62","4,023.19","4,061.82","3,767.66","4,021.93","3,900.86","4,172.87","3,868.42","4,207.89","4,363.41","4,216.49","48,660.31","3,880.50","4,184.74","3,999.62","3,578.18","3,924.37","3,915.41","4,294.59","4,088.18","3,986.30","3,980.95","3,928.06","47,991.91","4,132.16","3,796.90","3,789.13","3,826.51","3,650.08","4,132.49","4,181.45","4,514.65","4,130.10","4,309.01","4,347.50","4,242.57","4,365.63","4,013.65","3,905.14","3,941.10","3,803.46","4,143.62","3,979.80","4,367.85","4,266.01","4,229.00","4,317.24","4,222.32"
ธนบุรี,"5,115.10",4731.16 ,"4,796.34","4,830.55",4576.26 ,5036.26 ,"4,647.34","5,155.03","5,106.27","5,218.73","5,138.11","5,009.97","4,505.43","5,149.83","4,965.38","5,150.90","4,705.75","4,979.30","4,810.89","5,204.68","5,040.84","5,214.58","5,195.65","4,947.44","5,129.23","4,765.06","4,853.33","5,011.20","4,606.97",4966.45 ,4698.00 ,5008.66 ,"5,108.05","5,075.16","5,182.64","5,023.01","5,133.32","4,712.03","4,735.98","4,713.38","4,309.79",4935.98 ,4643.58 ,4907.17 ,"5,083.50","5,311.63","5,338.78","4,968.38","5,090.51","5,016.82","5,028.69","4,892.67","4,750.81",5260.15 ,4817.11 ,5127.09 ,"5,155.79","5,001.40","4,885.97","4,878.17","4,862.38","4,768.74","4,735.35","4,782.23","4,593.11",4946.49 ,4613.58 ,4704.14 ,"4,796.87","4,873.45","5,189.81","4,884.06","5,009.11","4,522.94","4,803.02","4,994.99","4,356.76",5085.60 ,4748.83 ,5254.01 ,"5,012.47","5,213.95","5,015.51","4,909.01","5,207.07","4,860.21","4,859.64","5,020.51","4,738.54",5143.32 ,4911.99 ,5277.54 ,"4,972.64","5,165.11","5,130.82","4,626.99","4,794.40","4,846.29","5,008.44","4,704.33","4,890.67","4,753.68","4,870.76","4,735.31","4,914.79","5,079.51","5,039.69","58,658.32","4,727.28","4,849.74","4,524.68","3,864.36","4,134.47","3,870.83","4,397.42","4,112.96","4,101.21","4,169.78","4,055.31","51,966.55","4,165.49","3,990.11","3,952.06","3,872.69","3,712.03","4,140.08","3,920.03","4,199.30","3,813.16","3,802.24","3,856.76","3,736.41","3,953.09","3,750.09","3,817.89","3,880.71","3,616.89","3,960.81","3,767.52","4,171.55","4,063.11","4,111.56","4,128.71","3,969.75"
บางกอกน้อย,"5,770.56",5332.82 ,"5,412.97","5,351.34",4777.25 ,5315.80 ,"5,575.27","6,168.79","6,057.96","6,028.43","6,087.27","5,880.59","6,169.85","5,919.46","6,446.85","6,093.66","5,448.87","6,046.57","5,874.94","6,154.98","5,993.07","6,066.02","6,125.69","5,965.39","6,267.08","5,885.97","5,820.34","5,844.41","5,272.01",5732.03 ,5309.21 ,5630.49 ,"5,691.48","5,745.04","5,708.00","5,610.68","5,681.58","5,384.63","5,313.76","5,438.65","5,139.06",5538.69 ,5421.27 ,5655.52 ,"5,906.90","6,241.11","6,419.72","6,170.95","6,448.48","6,043.00","6,054.38","6,018.66","5,713.46",6470.78 ,6014.68 ,6444.19 ,"6,311.51","6,179.76","6,072.43","5,964.15","6,153.85","5,725.53","5,760.51","5,896.46","5,635.64",6008.41 ,5617.75 ,5724.39 ,"5,922.02","6,090.50","6,267.48","5,983.71","6,113.34","5,511.90","5,791.14","5,846.83","5,174.48",5735.90 ,5595.93 ,6335.33 ,"6,000.72","6,253.71","6,009.77","5,920.48","6,213.54","5,103.47","4,910.06","5,030.12","4,783.33",5349.82 ,4998.14 ,5567.50 ,"5,167.26","5,132.21","5,355.15","5,067.47","4,866.54","5,017.01","5,158.47","4,773.57","5,280.52","4,957.18","5,216.77","4,926.43","5,452.96","5,357.51","5,077.72","61,321.55","4,653.09","4,715.83","4,702.72","4,179.86","4,473.39","4,249.30","4,744.37","4,781.38","4,825.76","4,797.28","4,667.86","55,836.67","4,603.63","4,340.82","4,381.75","4,275.16","4,114.46","4,690.33","4,490.84","4,538.71","4,299.05","4,426.60","4,456.68","4,461.57","4,599.52","4,346.75","4,249.48","4,232.90","4,068.59","4,427.20","4,258.67","4,828.24","4,619.50","4,632.07","4,745.97","4,726.90"
บางกอกใหญ่,"2,681.93",2503.67 ,"2,553.59","2,562.56",2471.52 ,2748.35 ,"2,504.57","2,839.31","2,778.38","2,806.28","2,818.48","2,722.55","2,559.62","2,820.87","2,888.90","2,875.73","2,636.86","2,643.36","2,556.74","2,790.00","2,750.26","2,756.20","2,705.12","2,714.11","2,786.14","2,653.87","2,675.64","2,723.22","2,476.73",2621.54 ,2474.85 ,2591.04 ,"2,798.35","2,716.63","2,697.55","2,606.47","2,689.51","2,252.43","2,380.27","2,367.93","2,232.64",2433.17 ,2345.04 ,2581.08 ,"2,620.15","2,727.70","2,708.43","2,597.97","2,754.33","2,595.20","2,536.67","2,486.64","2,460.08",2767.97 ,2558.31 ,2714.79 ,"2,756.03","2,642.85","2,495.55","2,592.73","2,696.85","2,471.74","2,525.49","2,508.02","2,271.99",2561.37 ,2400.99 ,2143.35 ,"2,330.32","2,501.97","2,433.12","2,159.45","2,052.98","2,263.12","2,178.88","2,241.35","2,073.68",2335.34 ,2229.15 ,2554.74 ,"2,159.35","2,596.16","2,566.49","2,363.44","2,507.14","2,319.97","2,249.00","2,315.59","2,205.82",2496.55 ,2297.14 ,2578.43 ,"2,430.94","2,488.32","2,443.14","2,426.53","2,267.83","2,308.17","2,424.98","2,204.07","2,454.26","2,346.67","2,462.93","2,294.53","2,353.81","2,449.26","2,344.61","28,459.58","2,149.00","2,159.64","2,185.86","1,982.81","2,154.86","2,179.79","2,368.35","2,310.19","2,266.84","2,280.68","2,268.46","26,632.59","2,253.70","2,101.63","2,129.33","2,201.14","2,074.99","2,369.93","2,258.68","2,448.98","2,255.03","2,292.74","2,373.47","2,252.88","2,292.76","2,168.03","2,103.39","2,135.61","2,045.69","2,214.39","2,073.57","2,337.26","2,249.49","2,267.45","2,259.10","2,160.71"
บางกะปิ,"8,655.10",7956.79 ,"8,316.50","8,055.81",7891.51 ,9020.07 ,"8,267.54","9,301.50","8,892.50","9,189.97","9,124.28","8,918.60","8,548.91","9,474.13","9,464.26","9,921.48","9,277.57","10,076.30","9,404.88","10,440.50","9,907.65","10,121.40","10,123.80","10,091.40","10,439.30","9,781.44","9,900.09","10,030.70","9,252.61",10149.30 ,9634.58 ,10127.20 ,"10,498.90","10,710.10","10,407.30","10,290.20","10,306.90","9,686.25","9,494.59","9,894.73","9,170.28",10179.20 ,9521.89 ,10519.70 ,"10,410.70","10,491.60","10,105.00","9,780.70","10,388.80","9,315.61","9,544.04","9,315.89","8,798.83",9907.97 ,8932.29 ,9815.66 ,"9,713.04","9,501.13","9,707.16","9,368.62","9,831.83","9,363.46","9,164.15","9,567.12","9,050.34",9858.33 ,9147.33 ,9977.88 ,"10,353.70","10,323.60","10,545.00","10,523.50","10,511.50","10,042.90","9,791.61","9,747.80","9,011.26",10505.20 ,9694.06 ,11141.80 ,"10,738.20","11,063.40","10,886.90","10,314.90","10,538.40","9,990.66","9,963.51","10,236.20","9,469.34",10744.50 ,9989.96 ,11089.70 ,"10,738.10","10,667.30","11,236.20","10,417.20","9,719.25","9,945.83","10,013.70","9,375.40","10,148.60","9,682.11","10,212.90","9,969.41","10,043.00","10,591.60","9,888.45","120,307.55","9,836.34","9,817.29","9,696.66","8,783.19","9,356.81","11,114.29","9,954.10","8,875.63","8,709.67","8,652.57","8,769.35","114,040.00","8,932.56","8,155.28","8,560.36","8,248.05","8,305.21","9,351.09","9,063.67","9,249.37","8,745.61","8,965.57","8,835.45","8,904.31","9,235.14","8,410.18","8,364.48","8,357.15","8,102.52","9,116.92","8,550.21","9,568.60","9,501.22","9,649.69","9,459.94","9,472.72"
บางขุนเทียน,"8,088.14",7108.58 ,"7,366.16","7,066.69",6916.55 ,8264.91 ,"7,386.69","8,261.98","8,277.20","8,397.34","8,301.24","8,038.23","7,305.68","8,507.21","7,932.04","7,847.31","7,454.57","8,141.91","7,757.82","8,660.35","8,304.55","8,285.02","8,534.69","8,451.65","8,779.59","8,177.28","9,911.48","7,903.44","7,178.34",7761.21 ,7940.09 ,8898.18 ,"9,440.24","9,284.41","9,044.15","8,868.47","9,013.80","8,250.37","7,824.43","7,952.77","7,501.79",8301.26 ,8176.90 ,8205.90 ,"8,384.71","9,157.76","9,192.48","8,675.17","9,122.25","8,568.90","8,403.51","8,308.04","7,990.92",8727.83 ,8425.07 ,8850.97 ,"9,365.92","9,140.52","9,549.24","9,163.73","9,754.94","9,189.22","9,214.76","8,917.72","8,686.32",9250.64 ,8675.70 ,9317.56 ,"9,184.65","9,854.89","9,882.76","9,523.81","10,284.60","9,351.26","9,573.05","9,631.11","8,661.39",9974.49 ,9455.27 ,10927.20 ,"10,478.60","10,789.00","10,688.90","10,242.00","10,956.20","9,952.36","9,832.96","9,962.17","9,489.46",10376.90 ,9947.26 ,11028.50 ,"10,484.60","10,173.40","10,584.30","9,730.34","9,775.63","10,079.50","10,096.00","9,462.52","10,156.90","9,647.39","10,121.80","10,161.00","9,851.65","10,402.90","10,495.30","120,700.09","9,666.44","9,849.65","9,205.07","8,138.16","8,817.39","8,503.65","9,247.98","9,379.93","9,129.49","9,008.68","9,113.64","110,655.75","9,582.79","8,560.98","8,542.10","8,276.57","8,298.85","9,216.08","9,098.71","9,867.70","9,270.18","9,336.94","9,360.55","9,340.93","9,667.04","8,925.49","8,706.52","8,777.19","8,549.55","9,145.12","8,764.83","9,663.18","9,874.97","9,656.94","9,679.11","9,565.46"
บางเขน,"7,350.89",6739.53 ,"6,840.33","6,550.89",6473.35 ,7426.73 ,"6,884.03","7,942.30","7,642.20","7,771.77","7,878.16","7,169.53","4,128.94","7,169.00","10,239.10","8,251.92","7,195.39","7,431.21","7,095.21","8,008.54","7,868.70","7,900.57","7,884.77","7,714.25","8,014.76","7,228.41","7,415.41","7,488.81","6,938.17",7584.97 ,7550.91 ,8046.55 ,"8,267.33","8,294.56","8,179.37","7,969.95","8,199.26","7,464.79","7,247.87","7,440.09","7,020.04",7683.82 ,7471.95 ,8392.60 ,"8,261.45","8,691.58","8,652.65","8,025.67","8,252.48","7,689.71","7,963.85","7,904.07","7,618.09",8465.20 ,7856.02 ,8516.73 ,"8,507.08","8,714.04","8,868.07","8,360.36","8,759.79","7,745.25","7,862.09","8,142.83","7,825.47",8461.12 ,7812.04 ,8675.17 ,"9,208.03","9,222.83","9,249.71","9,101.83","9,244.45","8,720.94","8,532.06","8,594.38","7,765.63",9228.94 ,8460.87 ,10005.80 ,"9,602.10","9,930.33","9,854.83","9,400.83","9,626.36","8,959.74","8,888.39","9,268.81","8,517.92",9668.08 ,8955.44 ,10302.50 ,"9,622.26","9,910.42","9,886.74","9,348.17","8,806.04","8,932.58","9,109.41","8,495.05","9,092.85","8,705.75","9,211.88","9,044.45","9,296.91","9,521.47","8,888.60","108,841.16","8,466.75","7,734.06","7,598.58","6,207.55","6,635.46","7,142.06","7,823.21","7,777.32","7,844.37","7,516.50","7,285.41","90,930.47","7,577.41","6,896.85","7,095.61","6,948.12","6,687.76","7,720.77","7,510.83","7,593.17","7,163.22","7,308.26","7,525.23","7,392.47","7,300.30","6,928.92","6,830.45","6,882.69","6,845.34","7,507.06","7,207.12","8,122.94","7,919.30","7,843.23","7,977.06","8,219.76"
บางคอแหลม,"3,888.10",3646.20 ,"3,657.74","3,276.30",3530.01 ,4005.95 ,"3,632.10","4,057.53","4,098.24","4,059.28","3,973.01","3,916.86","3,663.84","4,014.69","3,711.45","3,841.81","3,726.98","3,948.66","3,930.40","4,272.51","4,153.15","4,123.82","4,114.14","4,285.21","4,331.53","4,096.89","4,048.48","4,102.05","3,797.79",4178.68 ,3882.30 ,4161.41 ,"4,450.85","4,369.21","4,535.69","4,444.84","4,354.48","3,996.94","3,806.41","3,899.49","3,621.54",3999.54 ,3947.05 ,4189.17 ,"4,335.12","4,427.37","4,588.23","4,221.73","4,236.35","4,196.89","4,325.89","4,001.32","4,084.44",4432.63 ,4039.37 ,4342.49 ,"4,485.88","4,218.43","4,307.57","4,126.39","4,226.47","4,052.32","3,971.84","3,877.94","3,798.24",4297.46 ,3982.03 ,4303.93 ,"4,457.82","4,326.94","4,684.78","4,232.94","4,159.07","3,885.47","4,154.85","4,194.91","3,834.75",4251.07 ,4144.04 ,4638.46 ,"4,257.02","4,512.06","4,420.46","4,256.60","4,324.86","4,057.93","4,056.85","4,091.96","3,981.58",4305.64 ,4047.56 ,4449.02 ,"4,247.16","4,190.77","4,360.87","3,928.00","4,102.72","4,172.78","4,257.20","3,962.19","4,116.66","3,896.05","3,975.78","3,878.81","4,059.12","4,364.24","4,253.34","49,335.11","3,932.37","4,016.14","3,793.31","3,263.23","3,519.01","3,391.58","3,692.46","3,613.72","3,569.67","3,514.35","3,500.23","44,070.22","3,545.64","3,347.16","3,570.39","3,443.02","3,309.86","3,575.80","3,399.06","3,576.00","3,365.50","3,370.07","3,347.11","3,329.42","3,303.49","3,233.01","3,158.14","3,173.79","3,102.11","3,308.54","3,118.53","3,470.98","3,453.75","3,458.73","3,484.79","3,388.42"
บางแค,"8,068.34",7303.22 ,"7,778.40","7,343.11",7013.03 ,7976.76 ,"7,459.13","8,277.10","8,296.21","8,284.14","8,484.09","8,039.13","3,929.97","8,249.87","11,706.50","8,811.47","7,691.91","8,048.54","7,524.24","8,329.38","8,168.76","8,060.82","8,183.41","8,023.74","8,469.39","8,044.94","7,727.72","7,947.36","7,740.80",7763.69 ,7652.51 ,8190.09 ,"8,432.80","8,370.08","8,411.99","7,980.13","8,577.46","7,553.09","7,654.86","7,727.98","7,248.83",7774.51 ,7478.79 ,7889.07 ,"8,110.06","8,989.86","8,659.69","8,195.69","8,892.56","8,058.68","8,115.83","7,793.57","7,675.56",8517.47 ,8100.94 ,8627.39 ,"8,587.96","8,434.54","8,174.65","8,166.13","8,807.05","8,239.60","8,182.48","7,803.60","7,809.16",8319.44 ,7786.67 ,8142.03 ,"8,352.24","8,635.94","8,909.06","8,469.39","8,811.40","8,185.55","8,493.09","8,685.50","7,581.64",8857.83 ,8433.49 ,9595.80 ,"9,199.16","9,448.56","9,062.24","8,779.88","9,491.53","8,502.87","8,447.18","8,568.47","8,200.77",8911.03 ,8297.84 ,9489.45 ,"8,857.47","8,599.92","8,992.11","8,220.52","8,271.00","8,461.22","8,439.33","8,029.25","8,421.38","8,346.44","8,778.77","8,414.27","8,291.60","8,919.08","8,778.99","102,122.26","8,261.27","8,469.28","7,990.71","7,003.64","7,599.81","7,545.67","8,197.18","8,421.72","8,190.25","8,074.30","8,169.01","97,191.76","8,253.39","7,541.83","7,615.47","7,456.67","7,216.02","7,701.47","7,787.78","8,329.60","7,840.03","8,106.63","8,137.11","8,175.36","8,427.31","7,725.89","7,581.08","7,612.50","7,431.10","7,865.15","7,490.80","8,275.53","8,243.78","8,169.91","8,353.57","8,093.89"
บางซื่อ,"5,071.92",4550.24 ,"4,645.04","4,426.96",4363.88 ,5001.00 ,"4,476.02","5,175.57","5,060.82","5,064.00","5,140.54","4,795.47","4,927.64","4,849.54","5,093.69","5,094.91","4,758.79","4,972.52","4,746.49","5,262.58","5,119.99","5,124.50","5,217.18","5,127.54","5,181.03","4,745.41","4,888.50","4,941.31","4,606.90",4837.30 ,4563.23 ,4886.11 ,"4,993.99","4,969.19","4,981.23","4,943.35","4,967.88","4,457.88","4,334.80","4,417.45","4,145.34",4553.02 ,4358.89 ,4834.21 ,"4,873.04","5,015.96","5,066.71","4,591.74","4,672.47","4,462.28","4,632.96","4,568.22","4,530.29",5059.31 ,4612.97 ,5202.29 ,"5,062.28","5,153.98","5,191.20","4,821.28","5,125.67","4,504.95","4,534.34","4,813.90","4,560.08",4978.42 ,4568.52 ,5139.49 ,"5,372.04","5,310.54","5,244.75","5,287.91","5,422.80","5,107.92","4,944.86","4,959.70","4,472.32",5433.47 ,4917.78 ,5683.47 ,"5,178.96","5,353.50","5,171.75","5,038.29","5,192.49","4,854.27","4,804.83","4,988.86","4,683.62",5035.64 ,4861.20 ,5603.50 ,"5,091.98","5,067.82","5,325.65","4,859.69","4,781.67","4,998.15","5,088.99","4,699.89","4,984.61","4,924.51","5,282.04","5,254.92","5,311.78","5,644.41","5,243.45","61,314.13","4,882.36","4,842.44","4,554.07","4,006.40","4,369.34","4,298.86","4,710.19","4,439.00","4,615.36","4,525.03","4,502.32","55,035.41","4,462.72","4,257.05","4,212.16","4,150.78","4,010.37","4,599.12","4,406.74","4,782.27","4,343.08","4,461.03","4,460.59","4,389.45","4,401.88","4,126.17","4,070.85","4,139.93","4,001.40","4,378.49","4,179.66","4,606.71","4,538.84","4,480.91","4,532.17","4,487.30"
บางนา,"5,754.99",5448.89 ,"5,579.79","5,461.56",5193.86 ,5937.59 ,"5,518.06","6,313.66","6,076.91","5,995.68","6,116.51","5,894.78","5,400.20","6,098.41","6,152.99","5,961.11","5,853.18","6,210.48","5,779.55","6,429.10","6,241.19","6,396.06","6,331.01","6,407.79","6,789.23","6,429.74","6,300.97","6,435.31","5,877.94",6686.10 ,6099.96 ,6890.38 ,"6,785.29","6,873.17","6,649.90","6,889.50","6,754.33","6,620.22","6,308.95","6,495.24","6,084.76",6755.98 ,6417.25 ,7108.22 ,"7,446.67","6,873.29","6,959.93","6,603.23","7,244.10","6,557.36","6,581.02","6,431.15","6,039.81",7006.25 ,6318.44 ,6829.15 ,"6,934.61","6,789.83","7,567.95","6,524.57","6,598.16","6,407.63","6,445.80","4,650.53","6,150.28",6569.57 ,5861.87 ,6564.37 ,"6,835.43","6,844.08","7,455.36","7,117.25","6,913.47","6,572.41","6,592.32","6,445.17","5,972.22",6967.11 ,6466.71 ,7214.94 ,"7,040.54","7,071.28","7,154.23","6,761.70","7,069.26","6,823.96","6,678.06","6,823.32","6,483.23",7145.44 ,6600.62 ,7384.71 ,"7,153.92","6,842.68","6,890.88","6,460.68","6,456.39","6,502.74","6,538.22","6,081.57","6,492.86","6,239.46","6,816.52","6,606.49","6,765.09","6,854.02","6,661.67","78,781.04","6,374.13","6,558.76","6,678.40","6,302.97","6,673.47","6,805.60","6,422.82","6,001.94","5,474.83","5,498.69","5,417.75","75,065.87","5,529.15","5,080.20","5,191.03","4,971.47","5,051.09","5,828.78","5,321.52","5,680.47","5,425.05","5,421.97","5,309.22","5,312.11","5,372.49","5,153.74","5,273.04","5,277.94","5,233.55","5,910.24","5,734.85","6,278.74","6,132.02","6,286.90","6,375.36","6,061.79"
บางบอน,"6,034.11",5254.96 ,"5,417.49","5,245.56",5056.17 ,5887.60 ,"5,306.58","6,100.59","6,076.49","6,169.51","6,067.53","5,714.95","4,468.36","6,055.45","6,035.26","5,916.40","5,439.27","5,979.21","5,594.33","6,023.30","5,975.16","6,080.77","6,103.08","6,287.77","6,504.94","6,127.37","5,952.62","6,007.99","5,689.51",6146.51 ,5773.05 ,6364.33 ,"6,681.06","6,621.77","6,514.94","6,559.79","6,731.88","5,998.19","5,634.42","5,809.07","5,415.35",6154.88 ,5788.94 ,6433.54 ,"6,491.41","6,876.54","6,948.17","6,547.21","6,988.97","6,487.14","6,312.87","6,019.09","5,881.47",6609.61 ,6097.91 ,6548.27 ,"6,761.50","6,523.98","6,422.57","6,435.02","6,699.73","6,368.17","6,190.90","6,030.23","5,916.39",6278.89 ,5795.67 ,6209.33 ,"6,252.12","6,570.74","6,773.29","6,452.62","6,902.20","6,260.61","6,500.33","6,507.42","5,723.04",6609.06 ,6224.33 ,7335.15 ,"6,855.68","7,226.41","6,794.07","6,791.10","7,226.66","6,643.54","6,550.71","6,727.19","6,465.61",7022.24 ,6597.85 ,7399.51 ,"7,033.23","6,890.97","7,042.18","6,412.67","6,520.07","6,650.65","6,591.54","6,265.50","6,622.37","6,283.40","6,562.54","6,557.55","6,554.83","6,899.00","6,987.63","79,442.63","6,411.17","8,511.81","8,184.53","6,969.01","6,756.43","5,734.35","6,208.19","6,257.49","6,041.49","6,071.01","6,216.75","80,578.68","6,351.41","5,728.06","5,751.98","5,564.74","5,534.29","6,135.14","5,992.29","6,603.44","6,059.02","5,818.76","6,119.80","6,071.75","6,278.61","5,770.20","5,614.39","5,653.59","5,609.61","6,028.78","5,728.85","6,469.06","6,525.23","6,293.80","6,160.72","6,024.60"
บางพลัด,"4,403.46",4041.56 ,"4,213.37","4,077.43",3938.96 ,4548.03 ,"4,110.10","4,649.06","4,489.91","4,635.73","4,628.55","4,380.79","3,731.83","3,779.24","6,115.39","4,948.16","4,278.68","4,515.21","4,279.90","4,621.41","4,482.75","4,592.66","4,549.01","4,681.24","4,592.66","4,348.64","4,286.27","4,338.59","4,021.84",4385.50 ,4154.08 ,4337.28 ,"4,488.56","4,463.36","4,464.25","4,421.47","4,406.68","4,156.60","4,038.95","4,083.41","3,885.20",4442.44 ,4371.22 ,4565.20 ,"4,637.39","4,875.96","4,966.70","4,592.80","4,743.88","4,432.07","4,490.16","4,378.53","4,333.68",5015.19 ,4620.35 ,4867.68 ,"4,824.61","4,611.40","4,618.03","4,554.47","4,518.56","4,564.51","4,563.73","4,510.39","4,259.71",4702.01 ,4385.59 ,4611.55 ,"4,607.20","4,739.32","4,787.94","4,810.36","4,820.71","4,418.83","4,561.85","4,753.26","4,081.94",4751.30 ,4343.31 ,5217.31 ,"4,844.50","5,064.11","4,831.85","4,774.64","5,088.45","4,646.63","4,608.15","4,739.01","4,477.70",4869.60 ,4704.84 ,5200.05 ,"4,804.50","4,678.53","4,957.82","4,489.09","4,554.90","4,729.26","4,701.49","4,434.15","4,660.14","4,535.81","4,839.86","4,738.66","4,682.97","5,097.33","4,876.67","56,684.32","4,493.14","4,563.00","4,227.35","3,719.54","3,972.41","3,726.71","4,106.31","3,980.29","4,062.71","4,054.39","4,016.94","49,810.83","3,945.26","3,776.55","3,764.11","3,637.24","3,495.10","3,995.45","3,804.35","3,996.75","3,696.14","3,847.73","3,874.22","3,785.63","3,910.29","3,765.53","3,687.13","3,631.90","3,451.84","3,883.41","3,596.14","3,971.72","3,788.17","3,798.72","3,751.58","3,749.74"
บางรัก,"4,719.84",4570.85 ,"4,537.05","4,634.93",4365.03 ,4772.68 ,"4,085.08","4,566.90","4,948.45","4,749.06","4,868.40","4,866.94","4,651.02","4,690.90","5,263.76","4,906.47","4,720.87","5,017.18","4,576.68","4,957.86","4,840.80","5,031.51","4,952.85","4,911.30","5,234.85","5,139.87","5,051.27","5,198.13","4,843.93",5277.22 ,4827.94 ,5068.10 ,"5,194.85","5,228.79","5,196.48","5,050.88","5,087.07","4,936.31","4,858.12","4,968.86","4,528.65",5045.65 ,4758.57 ,4928.54 ,"4,765.84","4,976.06","5,105.84","4,929.08","5,197.44","5,050.15","5,181.89","5,201.32","4,882.49",5409.25 ,4953.03 ,5304.85 ,"5,315.83","5,352.57","5,282.62","5,201.94","5,296.17","4,804.18","4,742.50","5,149.40","4,630.88",4882.34 ,3946.21 ,4649.39 ,"4,993.21","4,927.74","5,258.95","5,005.83","5,129.83","4,813.42","5,134.12","5,194.28","4,672.87",5374.10 ,4857.59 ,5247.57 ,"5,318.86","5,357.83","5,399.61","5,212.68","5,159.71","4,703.67","4,474.39","4,690.24","4,534.55",4948.09 ,4352.92 ,4897.93 ,"4,851.46","4,683.80","4,906.34","4,778.97","4,625.97","4,689.73","4,732.30","4,392.21","4,875.85","4,276.31","4,535.60","4,439.58","4,759.49","4,964.24","4,728.80","55,692.28","4,608.62","4,660.53","4,783.13","4,305.88","3,968.02","2,708.68","2,966.23","3,244.65","3,423.35","3,518.64","3,462.84","46,522.42","3,547.10","3,464.73","3,451.03","2,990.31","3,034.26","3,532.90","2,938.96","2,633.11","2,600.83","2,391.47","2,328.84","2,463.33","2,665.00","2,800.42","2,969.37","2,866.11","2,727.93","3,036.86","2,828.28","3,248.14","3,448.77","3,482.97","3,613.99","3,667.53"
บึงกุ่ม,"4,272.41",3816.24 ,"4,078.03","4,083.39",4124.76 ,4803.86 ,"4,525.07","5,156.30","4,954.82","5,111.87","5,263.82","4,959.85","4,716.87","5,204.56","5,338.35","5,518.27","5,043.09","5,354.45","5,191.91","5,746.03","5,410.26","5,531.40","5,610.96","5,571.58","5,762.19","5,433.74","5,446.54","5,865.09","5,265.56",5682.79 ,5505.88 ,5804.84 ,"6,113.72","6,150.44","6,004.54","5,728.19","5,948.32","5,366.61","5,296.59","5,424.70","5,063.25",5653.94 ,5538.98 ,6082.28 ,"6,021.65","6,054.84","5,918.79","5,864.63","6,307.36","5,568.02","5,497.41","5,486.83","5,157.40",5927.76 ,5366.00 ,5873.31 ,"5,867.17","5,832.43","5,991.69","5,667.86","5,595.90","5,525.28","5,518.12","5,685.32","5,488.23",5868.21 ,5384.39 ,5960.77 ,"6,392.12","6,152.57","6,172.21","6,111.62","6,115.91","5,713.15","5,714.74","5,822.13","5,225.91",6207.86 ,5690.51 ,6738.04 ,"6,419.77","6,680.09","6,556.06","6,269.39","6,383.77","5,976.05","5,953.66","6,161.32","5,879.25",6441.07 ,5968.32 ,6839.91 ,"6,334.08","6,312.35","6,368.43","6,225.61","5,903.71","6,154.03","6,223.52","5,641.90","6,096.05","5,936.85","6,243.75","6,218.64","6,246.06","6,473.73","6,021.59","73,549.07","5,823.64","5,644.45","5,596.05","4,796.06","5,222.87","5,961.11","5,998.63","5,482.84","5,468.29","5,487.82","5,424.12","66,895.05","5,459.31","4,914.88","5,069.38","4,988.00","4,975.38","5,674.19","5,637.17","5,769.17","5,533.69","5,738.32","5,857.44","5,643.25","5,612.58","5,178.71","5,072.51","5,134.86","4,940.97","5,517.30","5,200.00","5,988.07","5,855.01","5,945.66","5,956.71","5,885.56"
ปทุมวัน,"6,774.27",6249.34 ,"6,373.92","6,388.24",6153.22 ,6860.59 ,"6,180.57","6,826.89","6,854.04","7,106.98","7,120.90","6,863.70","6,852.91","7,321.26","8,003.16","8,189.43","7,859.02","8,460.12","7,850.80","8,314.43","8,196.54","8,403.89","8,363.56","8,279.44","8,636.50","8,600.37","8,758.53","8,730.00","7,981.78",8901.25 ,8310.54 ,8694.80 ,"8,937.64","8,888.34","8,997.45","8,816.77","8,953.87","8,650.52","8,515.96","8,570.41","7,511.44",8674.27 ,8197.02 ,8665.30 ,"8,470.91","8,644.55","8,783.22","8,527.41","9,317.47","8,522.01","8,867.13","8,876.42","8,335.36",9138.56 ,8270.88 ,8924.96 ,"8,575.20","8,729.02","8,870.55","8,425.55","8,735.01","8,623.06","8,580.60","8,830.78","8,433.96",9016.36 ,8401.00 ,8931.51 ,"9,078.05","9,412.75","9,568.47","8,933.05","9,024.23","8,684.82","8,972.48","9,204.33","8,778.51",9763.00 ,9100.00 ,9939.00 ,"9,442.29","9,925.12","9,712.15","9,290.17","9,273.48","9,269.48","9,341.17","9,484.05","8,761.87",9530.62 ,8985.14 ,9570.61 ,"9,156.05","9,416.43","9,881.88","9,183.87","9,041.02","9,377.23","9,212.72","8,726.50","9,698.35","9,076.59","9,449.75","9,343.81","9,422.63","9,819.09","9,636.47","112,216.05","10,063.72","10,071.95","9,514.52","8,213.08","7,449.62","5,587.02","4,694.84","5,247.28","5,551.70","5,854.48","5,932.11","88,461.31","5,902.62","5,885.33","6,256.16","5,146.84","5,424.13","6,400.86","5,429.08","4,622.51","4,852.74","4,130.21","3,923.36","4,668.94","5,402.62","5,521.11","5,936.67","5,705.24","5,367.70","6,013.78","5,827.40","6,822.31","6,974.67","7,143.19","7,288.46","7,546.43"
ประเวศ,"6,827.50",6230.92 ,"6,330.92","6,024.78",5785.01 ,6634.77 ,"6,308.91","7,272.72","6,766.56","6,880.83","6,804.41","6,409.38","6,077.75","6,576.99","6,658.20","6,801.14","6,561.54","7,118.42","6,782.03","7,569.75","7,131.33","7,564.24","7,695.53","7,537.19","7,892.64","7,465.33","7,455.07","7,479.76","7,143.95",7743.64 ,7460.65 ,8418.69 ,"8,371.66","8,630.90","8,585.69","8,560.19","8,372.41","7,840.26","7,827.80","8,004.19","7,599.43",8467.25 ,7978.61 ,8716.51 ,"8,940.50","9,022.13","8,886.80","8,384.02","8,973.68","8,112.15","8,030.04","7,934.98","7,432.47",8303.88 ,7962.01 ,8314.25 ,"8,619.73","8,457.28","8,571.80","8,144.63","8,609.27","8,004.08","8,195.24","6,573.33","7,886.35",8424.67 ,7831.51 ,8511.17 ,"8,771.16","8,788.93","9,289.66","9,097.77","9,111.83","8,523.67","8,428.91","8,341.09","7,539.76",8876.50 ,8279.88 ,9593.22 ,"9,485.14","9,692.08","9,575.62","8,952.32","9,264.90","8,298.30","8,229.77","8,446.32","7,921.35",8823.81 ,8472.81 ,9779.03 ,"9,609.78","9,762.69","9,761.35","9,033.04","8,371.94","8,760.05","8,800.15","8,313.16","8,896.04","8,804.76","9,368.19","8,962.47","9,426.90","9,322.19","8,905.01","107,287.39","8,556.13","8,831.60","9,124.07","8,616.21","9,513.43","11,342.54","10,290.61","9,201.59","8,731.85","9,106.84","8,944.70","111,545.70","8,856.36","8,006.94","8,130.99","8,308.96","8,107.13","9,078.98","9,032.43","9,827.60","9,237.88","9,176.09","9,082.43","9,078.93","9,276.01","8,631.06","8,589.02","8,502.88","8,545.69","9,214.21","8,597.73","9,588.99","9,667.37","9,417.49","9,820.45","9,386.65"
ป้อมปราบศัตรูพ่าย,"2,787.49",2599.76 ,"2,668.81","2,598.41",2518.55 ,2754.14 ,"2,420.81","2,716.22","2,691.74","2,706.50","2,751.92","2,626.86","2,984.20","2,733.97","2,842.23","2,815.78","2,589.60","2,761.81","2,467.66","2,761.39","2,719.24","2,791.70","2,808.51","2,811.70","2,942.15","2,725.98","2,777.56","2,799.48","2,634.31",2796.74 ,2510.21 ,2665.49 ,"2,746.99","2,833.78","2,834.25","2,736.26","2,759.97","2,671.21","2,485.39","2,545.85","2,232.99",2554.06 ,2306.47 ,2538.52 ,"2,551.95","2,740.46","2,757.06","2,629.17","2,756.02","2,676.70","2,676.95","2,604.41","2,700.02",2836.12 ,2501.88 ,2636.15 ,"2,640.68","2,472.49","2,532.91","2,522.75","2,659.37","2,580.62","2,520.39","2,536.18","2,531.63",2649.04 ,2319.21 ,2440.66 ,"2,448.49","2,522.74","2,718.12","2,457.07","2,593.40","2,371.85","2,571.06","2,663.00","2,311.62",2594.23 ,2344.88 ,2706.03 ,"2,607.75","2,562.24","2,550.86","2,543.86","2,642.59","2,535.52","2,587.59","2,592.81","2,493.67",2591.20 ,2352.31 ,2600.79 ,"2,502.78","2,488.47","2,538.71","2,311.92","2,411.40","2,450.23","2,563.80","2,341.26","2,433.25","2,270.19","2,387.49","2,348.09","2,375.23","2,506.05","2,449.01","28,992.52","2,407.15","2,473.11","2,292.22","1,896.56","1,937.47","1,666.01","1,881.83","1,977.33","1,973.92","1,986.03","1,960.59","24,976.84","1,957.95","1,823.92","1,904.71","1,793.02","1,805.09","2,016.26","1,786.88","1,765.66","1,670.73","1,568.38","1,654.97","1,705.94","1,765.76","1,701.44","1,751.41","1,769.64","1,599.16","1,768.20","1,685.29","1,880.41","1,847.91","1,812.03","1,839.55","1,835.24"
พญาไท,"4,822.36",4188.82 ,"4,270.71","4,110.83",4065.41 ,4714.82 ,"4,306.52","4,782.74","4,705.13","4,791.43","4,885.05","4,692.31","4,882.52","4,698.66","5,134.08","5,045.40","4,653.60","4,829.68","4,529.95","5,097.66","4,923.21","4,855.51","4,900.87","4,990.18","4,967.74","4,744.65","4,835.09","4,806.49","4,479.96",4903.05 ,4557.17 ,4801.42 ,"4,980.92","4,718.43","5,017.91","4,710.64","4,828.78","4,578.41","4,311.34","4,344.66","4,160.85",4765.50 ,4433.77 ,4842.38 ,"4,875.76","5,126.51","5,047.06","4,787.79","4,905.78","4,611.10","4,738.04","4,700.40","4,599.33",5120.24 ,4833.25 ,5180.63 ,"5,198.80","5,277.62","5,130.42","4,820.99","5,274.57","4,569.85","4,627.13","4,893.90","4,702.58",4963.34 ,4578.96 ,5129.68 ,"5,407.07","5,428.18","5,475.18","5,316.65","5,389.62","5,138.92","5,061.88","5,018.07","4,549.97",5315.63 ,4929.07 ,5580.48 ,"5,337.70","5,523.64","5,397.89","5,273.20","5,296.59","5,052.82","5,043.31","5,174.72","4,827.60",5492.27 ,5042.16 ,5678.83 ,"5,508.47","5,552.65","5,603.85","5,548.08","5,251.09","5,292.96","5,340.10","4,961.63","5,512.70","5,030.96","5,487.22","5,523.30","5,357.25","5,548.68","5,252.09","64,064.08","4,967.11","5,008.05","4,705.78","4,003.92","4,180.61","3,962.02","4,353.63","4,302.43","4,435.00","4,298.64","4,279.29","53,832.25","4,304.08","4,016.01","4,088.60","3,942.40","3,873.16","4,518.38","3,919.52","4,099.50","3,801.22","3,905.37","3,779.89","3,818.35","3,940.77","3,822.50","3,773.34","3,775.44","3,689.72","4,084.05","4,099.20","4,747.82","4,705.18","4,739.97","4,712.46","4,734.38"
พระโขนง,"4,379.16",3845.06 ,"3,985.97","3,909.12",3653.87 ,4108.48 ,"3,830.43","4,320.48","4,291.62","4,285.12","4,552.23","4,321.41","4,105.43","4,423.65","4,492.24","4,482.64","4,325.84","4,516.96","4,237.51","4,752.06","4,542.24","4,509.36","4,668.05","4,483.88","4,690.36","4,491.59","4,501.62","4,632.59","4,379.32",4697.23 ,4582.37 ,4960.16 ,"4,992.93","5,053.68","4,978.32","4,793.03","4,775.41","4,475.81","4,582.28","4,767.66","4,312.17",4912.69 ,4611.27 ,5002.88 ,"4,950.44","4,886.07","4,716.59","4,861.85","4,991.37","4,339.60","4,482.84","4,481.93","4,158.89",4651.62 ,4312.69 ,4563.92 ,"4,727.99","4,773.28","4,674.94","4,587.23","4,628.71","4,410.29","4,432.81","3,506.13","4,431.22",4762.61 ,4146.61 ,4600.26 ,"4,618.82","4,583.68","4,810.71","4,660.98","4,824.67","4,529.53","4,453.63","4,410.36","3,946.30",4636.79 ,4381.62 ,4904.10 ,"4,756.43","4,771.52","4,720.24","4,450.44","4,563.04","4,197.33","4,115.57","4,402.87","4,040.16",4450.39 ,4252.77 ,4802.60 ,"4,559.81","4,560.86","4,672.71","4,432.04","4,233.03","4,181.73","4,330.45","3,986.81","4,279.34","4,227.35","4,460.00","4,256.43","4,479.70","4,531.83","4,323.41","51,874.89","4,148.25","4,446.18","4,512.77","4,139.47","4,488.20","4,870.40","4,852.86","4,296.18","3,859.33","3,842.82","3,917.37","51,896.87","3,910.91","3,552.75","3,662.79","3,674.77","3,634.11","4,119.05","3,851.54","4,278.87","4,189.41","4,059.74","3,981.98","3,855.77","3,950.59","3,741.35","3,735.15","3,733.85","3,626.43","3,923.09","3,817.73","4,278.06","4,246.77","4,444.29","4,416.23","4,315.92"
พระนคร,"5,845.61",5342.21 ,"5,615.76","5,550.98",5427.69 ,5932.76 ,"5,739.94","5,961.20","5,922.65","6,044.74","6,175.07","5,984.64","5,575.44","5,810.12","5,846.62","5,800.07","5,476.96","5,765.01","5,754.92","5,773.01","5,857.75","6,001.92","6,117.28","6,051.86","5,990.70","5,784.19","5,878.39","5,901.85","5,745.28",5936.96 ,5601.98 ,5881.53 ,"6,117.36","6,257.43","6,433.03","6,184.35","5,968.70","6,053.39","5,762.54","5,564.97","5,063.85",5622.51 ,5465.89 ,5678.91 ,"5,642.87","6,231.58","6,320.72","5,923.57","6,133.72","5,889.10","6,124.67","5,768.99","5,827.30",6463.05 ,5908.81 ,6115.07 ,"5,951.12","6,017.29","5,931.93","5,939.04","6,245.92","5,882.81","5,967.69","5,921.66","5,714.40",5966.90 ,5520.80 ,5429.05 ,"5,539.39","5,988.60","6,347.84","5,718.06","6,296.60","5,478.30","5,827.49","5,953.46","5,219.43",6064.49 ,5791.32 ,6177.00 ,"5,835.57","6,305.00","6,265.48","6,378.05","6,805.22","6,223.41","5,980.50","6,114.44","5,744.13",5996.31 ,5853.09 ,6193.28 ,"6,010.62","6,004.04","6,102.13","5,529.36","5,959.49","5,898.85","6,195.52","5,912.27","5,883.60","5,742.15","5,795.78","5,617.58","5,598.95","6,052.62","6,008.14","70,632.03","5,754.65","5,818.03","5,493.22","4,455.86","4,500.56","3,621.55","3,868.39","3,828.90","3,980.21","4,022.00","4,124.91","55,596.43","4,180.41","3,878.74","3,810.65","3,621.08","3,682.52","4,115.90","3,683.94","3,563.83","3,383.86","3,431.37","3,309.49","3,332.59","3,455.79","3,543.73","3,583.98","3,623.30","3,549.70","3,792.86","3,822.08","4,136.93","3,887.98","4,026.56","4,089.01","3,952.75"
ภาษีเจริญ,"4,705.23",4325.39 ,"4,357.02","4,314.85",3994.03 ,4606.09 ,"4,268.17","4,819.95","4,750.74","4,803.77","4,901.04","4,750.25","3,364.47","4,969.60","6,098.99","4,778.50","4,275.55","4,490.29","4,295.89","4,605.24","4,652.40","4,725.95","4,855.02","4,817.36","5,022.23","4,830.91","4,795.29","4,798.56","4,441.19",4691.65 ,4676.59 ,4909.33 ,"5,079.43","4,723.30","4,768.22","4,727.29","4,764.56","4,437.04","4,224.43","4,425.49","4,061.24",4404.74 ,4195.91 ,4699.06 ,"5,186.92","5,454.11","5,495.02","4,951.02","5,418.29","4,903.92","5,113.86","4,853.67","4,736.80",5288.57 ,4900.34 ,5286.57 ,"5,310.05","5,175.88","5,192.25","5,087.87","5,242.93","4,838.41","4,913.43","4,947.86","4,634.43",5102.12 ,4762.96 ,4998.72 ,"4,782.95","5,075.90","4,892.86","4,478.36","4,065.91","4,847.03","4,468.88","4,400.10","4,257.72",4703.06 ,4629.25 ,5377.92 ,"4,466.67","5,341.41","5,432.99","4,967.17","5,257.00","4,860.40","4,669.47","4,866.45","4,586.15",5248.31 ,4683.46 ,5231.48 ,"4,998.55","4,978.25","5,192.11","4,886.23","4,564.66","4,803.47","4,942.60","4,610.49","5,122.81","4,989.45","5,176.78","4,788.09","5,349.20","5,297.11","5,002.65","59,746.01","4,458.08","4,522.68","4,588.94","4,295.09","4,558.29","4,491.78","4,869.62","5,017.18","4,859.36","4,787.06","4,787.65","56,201.18","4,958.44","4,503.98","4,495.89","4,433.24","4,262.54","4,738.71","4,642.99","5,061.03","4,710.84","4,832.17","4,869.94","4,700.53","4,894.82","4,592.23","4,475.68","4,494.61","4,409.84","4,752.66","4,459.17","4,957.41","4,889.58","4,972.65","4,902.57","4,815.02"
มีนบุรี,"5,194.28",4784.55 ,"4,891.48","4,774.12",4619.88 ,5311.27 ,"4,909.02","5,587.47","5,444.95","5,572.79","5,543.60","5,099.81","4,584.40","5,357.36","5,699.12","5,588.28","5,172.00","5,497.85","5,287.25","5,717.95","5,469.70","5,688.30","5,751.92","5,627.27","5,675.74","5,369.82","5,663.39","5,561.56","5,128.96",5618.90 ,5492.29 ,6076.08 ,"6,032.26","6,156.61","6,190.93","6,055.89","5,934.40","5,579.40","5,683.29","5,743.20","5,329.94",5897.09 ,5693.68 ,6175.16 ,"6,171.03","6,239.35","6,319.49","5,940.45","6,192.35","5,660.66","5,673.66","5,609.49","5,278.07",5994.71 ,5572.38 ,6042.71 ,"5,944.98","5,945.46","6,081.14","5,873.49","6,010.48","5,644.23","5,594.62","4,471.44","5,482.72",5872.52 ,5496.07 ,5952.42 ,"6,193.31","6,110.08","6,139.14","6,083.91","6,102.29","5,681.71","5,670.06","5,715.96","5,046.27",5752.67 ,5532.85 ,6275.25 ,"6,198.27","6,446.24","6,192.63","5,719.99","5,797.50","5,309.72","5,447.61","5,656.89","5,170.24",5787.99 ,5546.15 ,6321.72 ,"6,058.66","6,091.83","6,181.98","5,853.88","5,394.48","5,642.17","5,648.17","5,302.52","5,664.63","5,435.63","5,771.27","5,729.60","5,760.68","5,911.55","5,682.07","67,813.00","5,323.83","5,463.33","5,521.11","5,147.89","5,619.62","6,034.76","5,914.72","5,638.49","5,516.46","5,517.36","5,403.98","66,962.62","5,548.81","4,976.16","4,908.13","4,904.31","4,826.32","5,418.34","5,386.17","5,735.91","5,391.94","5,591.31","5,783.72","5,783.40","5,752.47","5,270.63","5,208.66","5,421.03","5,249.05","5,578.71","5,397.36","5,970.41","6,007.60","6,063.06","5,968.56","5,875.93"
ยานนาวา,"4,870.32",4518.16 ,"4,552.71","4,481.11",4353.79 ,5234.78 ,"4,548.09","5,041.67","4,872.10","5,194.84","5,287.86","5,123.67","5,092.81","5,150.48","5,245.01","5,006.39","4,791.40","5,092.26","4,925.59","5,606.34","5,284.96","5,297.06","5,628.72","5,337.02","5,580.17","5,191.35","5,190.19","5,379.27","4,996.12",5422.81 ,5042.44 ,5520.49 ,"5,840.79","5,711.45","5,663.36","5,580.40","5,702.43","5,171.06","4,908.22","5,056.03","4,524.91",5057.98 ,4772.74 ,5378.83 ,"5,936.83","6,002.69","6,126.15","5,581.51","5,791.10","5,582.47","5,546.72","5,160.87","5,010.17",5746.15 ,5369.02 ,5962.96 ,"6,125.69","5,575.16","5,718.88","5,515.06","5,900.93","5,480.32","5,493.76","5,484.53","5,319.34",5653.43 ,5109.26 ,5707.77 ,"5,998.06","5,794.63","5,987.25","5,841.62","5,811.00","5,420.96","5,522.72","5,493.11","4,966.85",5634.78 ,5228.15 ,6153.03 ,"6,072.83","5,934.35","5,884.50","5,564.02","5,862.79","5,431.72","5,446.97","5,521.60","5,342.04",5747.10 ,5429.96 ,6286.38 ,"5,917.59","5,767.81","5,908.32","5,344.14","5,431.22","5,572.78","5,659.48","5,188.65","5,515.06","5,191.97","5,611.34","5,398.66","5,562.02","5,837.59","5,683.57","66,432.82","5,363.65","5,391.88","5,175.43","4,601.12","4,953.50","4,914.42","5,206.10","4,988.90","4,858.34","4,762.06","4,637.82","60,701.84","4,595.64","4,435.32","4,503.93","4,453.84","4,402.54","4,905.46","4,649.42","5,018.89","4,635.41","4,465.09","4,547.23","4,554.38","4,498.22","4,434.34","4,362.96","4,335.96","4,229.86","4,612.15","4,322.04","4,874.28","4,924.26","4,836.50","4,887.83","4,877.40"
ราชเทวี,"5,453.56",4996.79 ,"5,153.55","5,013.30",4835.59 ,5506.62 ,"4,894.72","5,451.64","5,425.60","5,599.99","5,720.72","5,455.47","5,465.76","5,584.98","5,997.24","6,033.70","5,722.02","6,028.93","5,624.07","6,198.74","5,980.49","6,123.44","6,247.80","6,183.49","6,436.34","6,183.54","6,381.40","6,176.45","5,755.54",6315.19 ,5784.43 ,6248.47 ,"6,376.01","6,435.20","6,406.59","6,231.49","6,327.32","5,877.08","5,740.01","5,686.32","5,255.04",5963.52 ,5530.67 ,5968.66 ,"5,835.86","5,907.95","6,098.95","5,999.84","6,581.22","6,010.90","6,132.17","5,811.58","5,738.03",6420.57 ,5892.11 ,6425.59 ,"6,368.77","6,388.64","6,235.80","5,934.71","6,250.05","5,756.69","5,881.06","6,163.93","5,858.44",6362.19 ,5820.66 ,6273.43 ,"6,389.73","6,494.21","6,506.69","6,391.27","6,535.68","6,148.95","6,312.86","6,205.37","5,841.75",6777.92 ,6223.44 ,6835.71 ,"6,693.91","6,689.81","6,829.95","6,528.41","6,551.77","6,382.53","6,647.38","6,693.25","6,164.82",6813.36 ,6552.85 ,7166.17 ,"6,945.94","7,092.56","7,168.87","6,667.39","6,509.61","6,704.44","6,643.53","6,277.70","6,813.58","6,394.03","6,635.55","6,521.39","6,752.04","6,665.18","6,285.63","79,066.26","5,860.74","6,145.81","6,008.47","5,029.30","4,808.01","3,894.40","3,987.19","3,928.34","3,958.57","4,138.27","3,960.22","58,101.27","3,969.80","3,849.32","4,001.71","3,660.44","3,540.61","4,153.56","3,698.33","3,689.09","3,431.07","3,331.26","3,229.99","3,303.93","3,536.36","3,478.61","3,570.52","3,374.47","3,621.11","4,082.99","3,872.20","4,621.96","4,802.52","5,022.71","5,056.36","5,098.63"
ราษฎร์บูรณะ,"3,684.39",3371.69 ,"3,284.16","3,380.55",3260.74 ,3865.84 ,"3,404.09","3,848.79","3,794.94","3,824.96","3,815.78","3,607.42","3,335.87","3,770.49","3,518.30","3,588.54","3,351.32","3,517.27","3,387.03","3,716.79","3,662.77","3,610.65","3,630.75","3,685.63","3,912.26","3,509.64","3,497.59","3,453.39","3,278.24",3490.74 ,3355.68 ,3613.37 ,"3,686.89","3,620.59","3,681.37","3,608.23","3,638.03","3,344.36","3,237.57","3,381.34","3,163.49",3398.01 ,3289.12 ,3583.62 ,"3,772.63","3,977.18","3,983.00","3,729.47","3,762.35","3,666.57","3,764.82","3,667.82","3,563.75",3605.88 ,3360.50 ,3559.67 ,"3,515.22","3,387.79","3,448.60","3,368.62","3,509.04","3,361.72","3,368.91","3,335.58","3,322.09",3594.31 ,3292.82 ,3468.79 ,"3,649.93","3,571.20","3,800.74","3,559.87","3,754.25","3,383.90","3,548.48","3,635.13","3,072.90",3624.62 ,3365.58 ,3881.97 ,"3,660.92","3,717.98","3,687.68","3,669.45","3,677.89","3,530.36","3,533.26","3,586.63","3,394.47",3702.90 ,3619.44 ,3890.15 ,"3,651.39","3,706.98","3,768.68","3,344.35","3,501.42","3,574.98","3,671.35","3,402.37","3,542.27","3,423.89","3,580.69","3,448.09","3,233.67","3,623.94","3,648.25","42,333.51","3,360.16","3,431.03","3,156.52","2,731.68","3,018.76","2,922.29","3,195.99","3,061.07","3,021.41","3,016.23","2,920.16","37,499.93","3,016.85","2,784.40","2,865.92","2,828.03","2,812.16","3,091.28","2,986.79","3,218.65","3,018.14","3,008.75","3,071.83","2,981.37","3,022.05","2,848.04","2,792.23","2,825.13","2,729.50","2,896.13","2,833.71","3,068.88","3,076.03","3,006.72","3,014.46","2,950.55"
ลาดกระบัง,"6,309.59",5783.11 ,"5,786.73","5,641.72",5497.30 ,6295.02 ,"5,659.55","6,551.85","6,514.30","6,772.39","6,718.23","6,604.17","5,897.68","6,611.53","6,486.16","6,598.74","6,339.91","6,737.60","6,399.86","7,324.84","7,219.74","7,367.66","7,353.61","7,414.65","7,456.05","6,935.11","7,006.86","7,055.84","6,640.14",7223.74 ,6864.61 ,8037.84 ,"8,018.33","8,003.86","7,895.75","7,765.27","7,592.41","7,018.55","6,881.13","7,132.97","6,778.60",7485.67 ,7096.19 ,7724.63 ,"8,088.60","8,382.70","8,278.78","7,926.48","8,140.99","7,352.12","7,466.62","7,449.09","7,136.95",8150.39 ,7397.87 ,7977.35 ,"8,121.95","7,955.90","8,086.19","8,021.70","8,417.72","7,757.19","7,494.97","5,588.88","7,527.78",8170.67 ,7576.52 ,8292.71 ,"8,666.38","8,538.52","8,970.58","8,757.96","8,738.36","8,298.38","8,010.85","8,110.76","7,408.64",8649.82 ,8105.58 ,9596.65 ,"9,168.35","9,421.13","9,351.77","8,875.16","8,852.44","8,443.60","8,289.48","8,746.79","8,091.00",9146.79 ,8552.31 ,9977.51 ,"9,458.37","9,648.36","9,875.36","9,053.66","8,571.05","8,677.61","8,789.60","8,211.51","8,935.77","8,664.50","9,389.40","9,197.80","9,486.33","9,494.86","8,870.99","107,629.71","8,658.40","8,773.83","8,989.37","8,437.37","8,943.87","9,839.38","9,321.61","9,096.35","8,552.54","8,472.98","8,437.63","106,771.44","8,541.38","7,630.17","7,648.58","7,516.73","7,484.14","8,598.04","8,387.70","9,139.26","8,620.89","8,608.80","8,550.78","8,961.62","8,750.39","8,184.18","8,075.52","8,186.57","7,990.14","8,839.49","8,264.42","9,321.58","9,206.46","9,460.34","9,657.95","9,699.47"
ลาดพร้าว,"4,951.56",4356.84 ,"4,453.68","4,388.07",4235.09 ,4831.92 ,"4,581.41","5,188.95","5,049.32","5,147.03","5,307.33","4,948.12","4,046.22","5,041.93","5,065.08","5,060.21","4,538.49","4,810.82","4,746.09","5,353.12","5,135.06","5,232.54","5,177.70","5,211.81","5,243.99","4,886.09","5,036.12","5,054.29","4,651.24",4925.57 ,4872.57 ,5299.02 ,"5,490.62","5,405.82","5,399.16","5,411.45","5,427.05","4,845.22","4,788.57","4,871.26","4,507.66",5027.94 ,4931.51 ,5385.07 ,"5,318.66","5,341.73","5,645.68","5,045.88","5,291.69","4,874.14","5,176.86","5,268.47","5,080.43",5762.64 ,5351.57 ,5654.72 ,"5,725.69","5,904.31","5,818.75","5,404.02","5,731.40","5,210.66","5,171.24","5,492.68","5,213.83",5565.48 ,5344.41 ,6016.82 ,"6,421.35","6,312.06","6,240.03","6,217.18","6,331.14","5,759.70","5,773.32","5,888.81","5,141.32",6103.91 ,5726.88 ,6677.34 ,"6,533.87","6,825.20","6,764.03","6,548.80","6,657.93","6,091.23","6,449.89","6,432.39","6,043.82",6643.20 ,6291.32 ,7015.59 ,"6,965.01","6,870.24","7,051.50","6,918.61","6,323.17","6,603.27","6,508.69","6,028.78","6,494.95","6,126.78","6,599.32","6,704.26","6,777.95","6,890.08","6,436.84","78,489.94","6,162.88","5,871.82","5,808.83","4,851.50","4,968.26","5,150.68","5,877.31","6,007.42","6,022.53","5,861.51","5,785.84","68,454.66","5,826.01","5,318.56","5,403.33","5,085.53","5,099.27","5,940.82","5,749.88","6,055.78","5,459.95","5,519.70","5,576.19","5,522.86","5,574.77","5,617.03","5,360.81","5,095.58","5,133.11","5,786.66","5,459.90","6,216.49","6,117.18","6,110.70","6,103.11","6,041.57"
วังทองหลาง,"5,992.69",5295.81 ,"5,698.45","5,612.13",5380.35 ,6134.51 ,"5,638.78","6,460.26","6,223.03","6,365.64","6,404.96","6,012.28","5,828.13","6,656.02","6,751.86","6,681.70","6,304.72","6,459.78","6,360.33","6,899.69","6,584.42","6,737.30","6,873.15","6,837.76","7,171.14","6,633.98","6,654.86","6,831.39","6,478.90",6892.85 ,6622.32 ,6928.20 ,"7,055.71","7,268.95","7,115.78","6,998.76","7,128.43","6,676.95","6,433.13","6,739.88","6,189.79",7177.61 ,6713.54 ,7310.71 ,"7,167.49","7,196.36","7,202.92","6,840.23","7,485.97","6,606.86","6,721.93","6,449.64","5,787.07",6396.12 ,5709.79 ,6211.17 ,"6,474.20","6,582.74","6,872.30","6,620.13","7,123.15","6,581.78","6,566.38","6,592.66","6,306.57",6920.23 ,6240.96 ,6967.76 ,"7,322.68","7,188.21","7,188.59","6,992.64","7,063.70","6,755.65","6,507.41","6,602.38","6,223.91",6996.34 ,6549.91 ,7650.71 ,"7,444.02","7,593.06","7,455.65","7,003.95","7,061.80","6,937.28","6,933.94","6,914.36","6,512.04",7331.87 ,6805.94 ,7595.19 ,"7,287.36","7,138.37","7,374.49","7,150.08","6,776.24","6,894.93","7,010.82","6,433.98","6,996.19","6,639.68","7,028.83","6,831.28","7,129.14","7,260.33","7,071.34","83,431.20","6,801.91","6,600.73","6,459.75","5,845.90","6,490.77","7,439.24","6,944.58","6,250.90","6,304.55","6,153.10","6,225.07","78,484.77","6,231.07","5,755.57","5,632.49","5,762.84","5,607.90","6,245.31","6,091.10","6,513.32","5,870.52","6,175.39","6,169.87","5,915.61","6,060.45","5,567.37","5,499.32","5,541.84","5,474.27","6,115.10","5,663.98","6,394.88","6,407.11","6,312.33","6,313.80","6,335.13"
วัฒนา,"6,980.66",6579.15 ,"6,697.45","6,493.82",6418.72 ,7241.63 ,"6,651.18","7,737.24","7,614.59","7,608.56","7,366.10","7,401.90","7,298.34","7,735.19","7,802.76","7,916.86","7,853.03","8,280.30","7,659.10","8,445.37","8,206.88","8,446.65","8,305.82","8,470.05","8,645.05","8,263.52","8,462.55","8,438.09","8,025.00",8633.93 ,8259.55 ,9415.93 ,"9,083.88","9,134.66","9,106.28","8,966.62","8,703.81","8,496.16","8,293.99","8,288.92","7,723.32",8753.12 ,8241.81 ,8947.31 ,"8,877.64","8,749.83","8,966.37","8,508.42","8,947.35","8,229.37","8,453.71","8,488.64","7,923.10",8999.24 ,8450.77 ,9220.44 ,"9,148.12","9,029.44","9,202.03","8,816.39","9,031.23","8,775.21","8,765.83","6,903.60","8,536.13",9231.04 ,8476.07 ,9011.58 ,"9,248.98","9,343.63","9,745.24","9,381.24","9,258.24","8,974.77","8,959.06","8,836.51","8,183.21",9173.00 ,8578.20 ,9619.91 ,"9,395.81","9,334.13","9,224.41","8,948.07","8,715.10","8,352.22","8,369.47","8,563.75","7,935.29",9015.92 ,8399.55 ,9048.93 ,"9,148.34","9,293.35","9,531.48","9,005.46","8,703.47","8,967.86","8,998.46","8,670.98","9,548.67","9,185.32","9,549.25","9,487.40","10,032.30","10,158.20","9,209.42","111,445.32","8,821.41","8,959.94","9,149.03","8,253.07","8,374.16","6,977.34","7,582.33","7,088.09","7,055.59","7,240.59","7,169.55","95,834.61","7,220.81","6,851.68","6,972.06","6,293.92","6,302.20","7,340.02","6,503.57","6,649.26","6,476.16","6,201.69","6,129.27","6,291.95","6,629.22","6,545.25","6,850.92","6,684.68","6,492.93","7,342.84","6,863.95","7,747.94","7,753.01","8,189.70","8,306.71","8,374.35"
สวนหลวง,"5,599.35",5111.49 ,"5,321.79","5,149.34",5147.32 ,5794.32 ,"5,406.74","6,218.55","5,961.36","6,049.65","6,346.36","6,218.10","5,634.77","6,486.25","6,408.71","6,425.93","6,285.44","6,640.21","6,198.71","6,909.94","6,556.38","6,715.53","6,841.15","6,851.06","7,039.88","6,453.42","6,458.75","6,633.01","6,243.21",6822.92 ,6692.87 ,7471.85 ,"7,510.14","7,800.61","7,440.86","7,074.81","7,321.13","6,852.24","6,574.02","6,930.00","6,522.62",7312.95 ,6964.97 ,7632.26 ,"7,720.17","7,607.33","7,519.18","7,260.73","7,758.30","6,903.88","7,103.52","7,045.94","6,701.33",7408.96 ,6917.63 ,7311.87 ,"7,552.96","7,330.25","7,370.55","7,325.41","7,419.69","7,040.56","6,948.87","5,227.81","6,779.94",7395.01 ,6757.04 ,7332.25 ,"7,874.32","7,615.70","7,712.58","7,547.34","7,750.27","7,276.14","7,202.14","7,205.90","6,350.74",7476.10 ,6901.92 ,8044.25 ,"7,701.62","7,980.22","7,545.33","7,121.84","7,142.60","6,758.44","6,648.98","6,902.59","6,354.12",7083.10 ,6920.39 ,7775.62 ,"7,582.82","7,578.08","7,587.66","7,040.22","6,800.40","6,707.97","6,835.96","6,363.59","7,039.01","6,727.38","7,214.56","6,979.13","7,415.14","7,673.07","7,201.74","84,387.80","6,900.05","6,920.26","7,153.60","6,702.24","7,238.94","8,157.90","8,230.50","7,234.07","6,745.45","6,719.60","6,840.82","86,253.92","6,520.90","6,122.45","6,199.94","6,284.25","5,972.30","6,976.76","6,533.59","7,211.69","6,798.95","6,791.96","6,775.22","6,589.84","6,575.19","6,315.44","6,255.24","6,312.32","6,189.48","6,739.51","6,398.17","7,169.42","7,128.75","7,506.55","7,478.35","7,410.07"
สะพานสูง,"2,696.35",2453.38 ,"2,496.78","2,519.40",2414.83 ,2905.18 ,"2,683.11","2,983.20","2,859.27","2,957.65","2,993.08","2,823.50","2,822.98","3,023.39","3,099.05","3,190.65","3,006.38","3,191.57","3,054.60","3,271.94","3,261.07","3,301.46","3,311.94","3,350.60","3,405.90","3,293.50","3,316.06","3,369.83","3,067.55",3427.35 ,3241.58 ,3578.80 ,"3,677.61","3,874.34","3,760.47","3,652.99","3,720.05","3,407.04","3,494.12","3,638.16","3,298.75",3659.75 ,3499.97 ,3789.01 ,"3,774.45","3,774.83","3,730.65","3,628.30","3,843.69","3,353.97","3,492.41","3,546.41","3,379.12",3750.96 ,3427.52 ,3695.30 ,"3,657.15","3,719.74","3,691.05","3,570.52","3,733.18","3,507.13","3,589.47","3,701.42","3,464.34",3792.88 ,3516.52 ,3790.21 ,"3,986.88","3,893.15","3,965.42","3,878.92","3,928.59","3,619.55","3,577.59","3,679.97","3,306.89",3826.23 ,3591.16 ,4194.80 ,"4,113.90","4,345.71","4,145.05","3,773.68","3,884.60","3,680.13","3,835.02","3,668.61","3,461.10",3929.24 ,3751.70 ,4200.50 ,"3,905.95","3,999.30","4,142.35","3,860.00","3,629.60","3,704.26","3,806.49","3,521.40","3,777.55","3,632.97","3,850.21","3,816.20","3,838.90","3,997.37","3,767.55","45,259.96","3,602.49","3,592.14","3,642.96","3,298.30","3,643.22","4,580.18","3,797.42","3,569.27","3,451.29","3,443.48","3,428.39","44,001.69","3,392.71","3,090.59","3,274.39","3,337.97","3,350.83","3,673.41","3,710.41","3,939.02","3,733.21","3,992.35","3,856.57","3,750.99","3,755.37","3,558.04","3,513.95","3,681.86","3,425.71","3,729.66","3,607.72","4,362.42","4,167.25","4,375.64","4,294.42","4,145.56"
สัมพันธวงศ์,"1,863.38",1647.80 ,"1,869.99","1,821.81",1689.46 ,1848.44 ,"1,632.51","1,784.13","1,769.82","1,794.91","1,736.83","1,783.27","1,904.41","1,685.88","1,973.71","1,962.76","1,784.62","1,863.88","1,679.41","1,801.70","1,770.30","1,828.54","1,867.20","1,822.40","1,948.55","1,775.26","1,854.83","1,912.89","1,829.19",1859.88 ,1617.84 ,1736.74 ,"1,758.92","1,754.93","1,798.90","1,805.07","1,884.01","1,679.25","1,684.63","1,773.28","1,605.75",1711.25 ,1574.81 ,1621.67 ,"1,651.66","1,804.94","1,865.82","1,773.89","1,820.03","1,744.92","1,865.49","1,792.72","1,839.31",1891.15 ,1634.52 ,1793.77 ,"1,784.45","1,745.44","1,785.12","1,660.29","1,836.91","1,656.07","1,698.57","1,765.83","1,721.87",1741.41 ,1535.04 ,1625.88 ,"1,658.99","1,710.95","1,813.38","1,637.07","1,774.28","1,609.01","1,823.32","1,878.26","1,626.10",1764.26 ,1574.67 ,1760.82 ,"1,677.65","1,735.69","1,717.43","1,656.51","1,784.02","1,662.08","1,777.21","1,729.14","1,723.51",1711.08 ,1548.76 ,1705.14 ,"1,621.48","1,650.86","1,745.57","1,503.75","1,578.43","1,706.84","1,729.74","1,659.36","1,675.96","1,541.68","1,631.67","1,626.57","1,688.97","1,827.96","1,701.51","20,023.68","1,621.33","1,749.71","1,661.39","1,308.88","1,241.74",994.61,"1,153.49","1,212.14","1,223.65","1,247.00","1,170.16","16,324.42","1,269.09","1,216.29","1,258.18","1,157.65","1,183.53","1,259.77","1,096.72","1,076.58","1,009.07",879.63,938.3,942.78,"1,051.64","1,033.85","1,158.52","1,162.16","1,043.68","1,103.49","1,042.71","1,203.13","1,196.40","1,231.00","1,244.89","1,244.06"
สาทร,"4,880.14",4586.67 ,"4,769.65","4,742.46",4461.53 ,4978.48 ,"4,506.21","4,923.26","4,993.59","4,689.54","4,689.99","4,452.88","4,884.65","4,801.94","5,520.60","5,305.52","4,904.50","5,225.97","4,905.81","5,435.80","5,380.84","5,409.69","5,480.84","5,370.72","5,487.54","5,255.61","5,270.10","5,256.50","4,912.68",5361.59 ,4957.42 ,5169.24 ,"5,309.22","5,409.04","5,373.12","5,366.91","5,601.95","5,411.19","5,309.86","5,407.56","4,990.40",5507.31 ,5282.44 ,5503.43 ,"5,541.11","5,724.36","5,645.10","5,422.84","5,771.52","5,459.96","5,373.68","5,204.07","5,252.65",5643.41 ,5284.30 ,5650.32 ,"5,574.11","5,635.56","5,620.78","5,525.03","5,737.13","5,514.35","5,407.83","5,377.30","5,150.94",5617.75 ,5103.67 ,5489.43 ,"5,545.00","5,564.50","5,831.86","5,543.41","5,576.89","5,282.97","5,415.80","5,479.11","4,883.98",5629.97 ,5099.89 ,5791.18 ,"5,675.07","5,874.11","5,807.13","5,463.23","5,646.62","5,319.93","5,152.63","5,022.90","4,679.32",5009.03 ,4735.55 ,5267.05 ,"5,027.43","5,004.02","5,219.52","4,719.60","4,886.74","4,885.85","5,062.46","4,770.72","5,099.09","4,762.05","5,067.48","4,915.43","5,077.59","5,310.94","5,218.50","60,073.56","4,844.64","4,931.76","4,707.85","4,198.99","4,418.39","4,064.83","4,263.66","4,101.37","4,046.65","4,098.48","4,050.65","53,042.00","4,076.99","3,932.27","3,992.25","3,768.17","3,836.42","4,276.28","3,883.28","4,098.33","3,808.55","3,794.28","3,616.37","3,647.11","3,666.81","3,541.03","3,581.70","3,614.80","3,377.22","3,749.28","3,496.10","3,896.69","4,081.17","3,937.72","4,091.38","4,037.81"
สายไหม,"5,257.08",4692.43 ,"4,700.10","4,615.57",4573.86 ,5305.16 ,"5,021.91","5,748.64","5,384.08","5,289.07","5,243.81","4,862.57","2,595.35","4,643.67","12,048.90","6,440.45","5,320.65","5,508.43","5,216.93","5,953.10","5,768.64","5,912.39","5,936.24","5,730.69","5,759.55","5,356.51","5,548.47","5,614.57","5,238.00",5543.44 ,5312.03 ,5714.73 ,"6,000.45","5,820.17","5,898.17","5,776.70","5,935.29","5,410.72","5,420.88","5,578.98","5,160.31",5698.88 ,5637.65 ,6100.66 ,"6,060.16","6,424.06","6,325.40","5,850.83","5,994.39","5,579.78","5,910.81","5,708.82","5,458.06",6158.96 ,5726.91 ,6182.52 ,"6,307.36","6,362.41","6,419.96","6,097.88","6,321.51","5,381.48","5,574.20","6,057.28","5,775.37",6214.19 ,5810.62 ,6572.36 ,"7,068.56","6,902.24","6,788.88","6,870.78","6,802.92","6,390.34","6,249.80","6,502.73","5,801.61",6946.58 ,6453.54 ,7598.65 ,"7,436.86","7,742.31","7,610.73","7,186.80","7,319.78","6,860.28","6,752.96","7,249.38","6,555.19",7441.21 ,6997.78 ,8052.39 ,"7,471.77","7,643.35","7,730.67","7,229.36","6,623.74","6,667.04","7,281.79","6,623.25","7,021.04","6,831.01","7,073.52","6,931.43","7,299.94","7,411.63","6,950.89","84,242.00","6,634.63","6,504.22","6,558.22","5,271.04","5,651.58","6,116.25","6,632.00","6,488.07","6,371.39","6,326.78","6,189.12","75,720.39","6,430.07","5,776.86","5,830.85","5,914.39","5,611.60","6,456.18","6,424.38","6,706.32","6,262.46","6,362.85","6,616.89","6,458.74","6,400.77","5,949.03","5,858.29","5,890.52","5,743.69","6,296.94","6,148.79","6,912.24","6,909.64","6,492.34","6,701.70","7,251.47"
หนองแขม,"5,197.82",4585.15 ,"4,811.50","4,660.76",4468.71 ,5295.25 ,"4,814.22","5,340.35","5,065.15","5,235.27","5,402.83","5,015.58","3,003.65","5,390.47","7,188.20","5,494.38","4,899.44","5,111.36","4,994.84","5,298.75","5,242.75","5,317.26","5,205.99","5,309.91","5,491.38","5,099.94","5,065.84","5,068.10","4,698.11",5144.73 ,4965.96 ,5208.40 ,"5,336.89","5,452.99","5,448.70","5,489.11","5,606.04","5,026.31","4,882.57","4,895.08","4,777.88",5147.86 ,4888.25 ,5322.79 ,"5,362.05","5,776.96","5,924.15","5,637.14","5,949.87","5,144.62","5,228.14","4,951.51","4,579.50",5352.47 ,5235.75 ,5505.38 ,"5,465.53","5,320.67","5,310.12","5,280.60","5,799.66","5,442.15","5,168.55","5,388.52","4,910.29",5244.15 ,4289.92 ,4757.87 ,"5,094.58","5,393.00","5,186.02","4,705.84","4,532.88","5,190.45","4,707.83","4,794.52","4,495.28",5051.06 ,4975.15 ,5614.72 ,"4,658.02","5,669.65","5,773.15","5,366.47","5,533.07","5,266.14","5,058.98","5,300.10","5,024.72",5684.90 ,4998.62 ,5698.06 ,"5,379.47","5,332.05","5,631.77","5,362.10","5,169.05","5,360.20","5,387.43","5,158.86","5,450.84","5,301.36","5,494.16","5,255.56","5,390.94","5,475.51","5,403.89","64,539.67","4,908.92","4,891.73","4,999.33","4,592.30","4,963.99","5,053.23","5,445.51","5,493.33","5,235.86","5,310.02","5,324.71","61,542.40","5,409.67","4,922.77","5,085.65","4,837.09","4,755.18","5,300.83","5,185.41","5,706.73","5,292.87","5,517.90","5,556.41","5,331.43","5,562.28","5,154.65","5,123.17","5,131.82","5,025.02","5,305.58","5,052.39","5,615.23","5,460.58","5,356.78","5,479.67","5,207.26"
หนองจอก,"2,714.11",2487.79 ,"2,496.04","2,469.99",2364.82 ,2778.84 ,"2,577.12","2,931.83","2,844.34","2,977.61","2,904.34","2,756.93","2,626.20","2,870.07","2,937.12","2,959.41","2,791.05","3,084.46","2,912.73","3,378.55","3,262.94","3,308.69","3,450.83","3,355.88","3,357.72","3,179.65","3,193.33","3,327.70","2,966.64",3229.57 ,3230.33 ,3420.57 ,"3,684.58","3,680.39","3,579.75","3,455.39","3,518.35","3,170.17","3,123.27","3,390.52","3,167.14",3650.71 ,3638.70 ,3934.16 ,"4,016.57","4,052.68","3,857.09","3,827.31","3,978.31","3,444.93","3,558.58","3,569.97","3,236.99",3729.52 ,3505.68 ,3742.34 ,"3,585.81","3,665.82","3,817.52","3,644.12","3,746.49","3,433.37","3,433.79","3,594.54","3,361.12",3619.16 ,3328.50 ,3642.74 ,"3,806.43","3,807.34","3,890.74","3,881.52","3,947.79","3,659.42","3,550.73","3,732.10","3,429.53",3872.35 ,3850.16 ,4255.87 ,"4,208.22","4,355.04","4,327.65","4,019.92","4,169.56","3,861.49","3,841.04","4,099.72","3,662.99",4135.21 ,4023.82 ,4572.32 ,"4,416.93","4,529.43","4,535.39","4,216.86","3,885.19","3,932.61","4,143.94","3,779.40","4,035.41","4,028.18","4,178.10","4,168.33","4,229.71","4,357.29","4,311.83","49,359.26","3,983.56","3,998.13","4,086.60","3,573.90","3,984.96","4,985.29","4,320.70","4,215.92","4,161.58","4,112.83","3,983.72","49,776.97","4,133.59","3,790.53","3,926.83","4,035.55","3,975.05","4,386.26","4,694.25","4,779.47","4,489.32","4,707.44","4,829.15","4,718.62","4,656.02","4,170.63","4,088.31","4,419.06","4,178.93","4,531.65","4,594.48","5,052.81","4,839.88","4,958.46","4,964.61","4,844.97"
หลักสี่,"4,659.45",4265.05 ,"4,267.88","4,156.19",4059.24 ,4675.71 ,"4,201.06","4,787.13","4,642.13","4,703.78","4,733.37","4,473.46","2,623.13","4,053.66","8,540.78","5,102.15","4,397.41","4,560.98","4,350.86","4,930.00","4,710.42","4,908.67","5,271.89","5,058.17","4,981.22","4,721.97","4,743.95","4,841.77","4,427.07",4681.92 ,4393.94 ,4872.25 ,"4,955.88","4,900.91","4,870.22","4,841.32","4,857.27","4,513.41","4,364.17","4,436.78","4,197.21",4668.10 ,4453.20 ,4858.74 ,"4,777.03","4,963.61","4,873.08","4,573.73","4,731.36","4,426.00","4,461.46","4,633.67","4,379.53",4979.20 ,4684.13 ,4923.61 ,"4,991.12","5,027.96","5,029.62","4,850.51","5,069.25","4,584.38","4,432.60","4,715.32","4,535.26",4935.36 ,4620.62 ,5064.43 ,"5,284.09","5,358.97","5,429.40","5,162.12","5,599.63","5,150.76","4,873.31","5,021.86","4,513.06",5504.51 ,4978.52 ,5730.45 ,"5,730.01","5,769.85","5,991.87","5,816.69","5,644.96","5,538.57","5,349.55","5,578.56","5,359.58",6034.83 ,5452.70 ,6223.68 ,"5,770.65","5,651.80","5,755.89","5,485.50","5,362.54","5,302.66","5,546.93","5,129.62","5,631.22","5,179.82","5,540.66","5,521.86","5,622.55","5,794.40","5,438.88","65,911.42","5,104.29","4,351.76","4,257.04","3,353.99","3,934.74","4,271.36","4,519.52","4,654.26","4,613.81","4,513.75","4,467.55","53,492.38","4,589.90","4,197.86","4,252.82","4,178.78","3,942.83","4,617.44","4,266.55","4,337.15","4,068.65","4,286.57","4,315.87","4,262.39","4,277.00","4,156.14","4,078.42","4,011.13","4,008.29","4,346.31","4,161.24","4,668.11","4,669.70","4,418.51","4,630.30","4,778.31"
ห้วยขวาง,"4,627.80",4265.03 ,"4,460.93","4,274.10",4169.24 ,4713.49 ,"4,374.95","4,868.89","4,858.24","4,886.38","4,679.19","4,357.00","4,834.59","4,879.69","5,454.70","5,537.52","5,455.54","5,903.04","5,425.32","5,946.99","5,678.16","5,820.62","5,736.33","5,821.75","5,973.61","5,722.39","5,982.17","5,968.63","5,495.98",6279.43 ,5935.19 ,6197.93 ,"6,403.96","6,374.02","6,142.79","6,159.85","6,264.42","5,855.83","5,888.53","6,041.49","5,625.35",6328.96 ,5982.68 ,6572.55 ,"6,497.95","6,341.54","6,108.40","6,005.65","6,616.71","5,948.73","6,182.49","6,056.06","5,693.74",6465.99 ,5967.57 ,6425.74 ,"6,158.71","5,843.41","5,840.77","4,923.40","5,484.39","5,598.70","5,614.51","5,850.85","5,481.23",6823.78 ,5922.93 ,6087.73 ,"6,344.50","6,222.27","6,368.79","6,052.14","6,192.23","6,020.48","5,885.53","5,929.02","5,530.33",6403.72 ,6005.85 ,6874.28 ,"6,650.45","6,784.24","6,813.22","6,628.55","6,834.21","6,577.55","6,580.73","6,730.20","6,339.47",7240.80 ,6778.21 ,7294.57 ,"7,105.93","7,130.40","7,256.16","7,050.10","6,722.30","6,806.42","6,814.12","6,459.37","6,889.90","6,697.88","6,863.95","6,911.50","6,884.43","7,225.79","6,881.21","82,185.68","6,840.50","6,816.35","6,758.82","5,996.07","5,360.30","6,239.52","6,044.47","5,665.15","5,614.17","5,699.67","5,932.27","74,037.18","5,871.63","5,438.06","5,719.69","5,373.47","5,345.67","6,089.10","5,585.89","5,769.33","5,485.02","5,626.15","5,381.43","5,420.96","5,613.54","5,340.14","5,520.01","5,461.18","5,400.03","6,100.35","5,677.50","6,565.80","6,653.60","6,858.41","6,771.03","6,839.15"
อื่นๆ,"17,342.55","16,608.80","15,968.24","15,118.16","14,659.33","18,002.01","15,474.51","17,831.28","17,786.84","18,481.23","18,931.04","18,609.76","15,141.17","16,345.22","56,651.52","19,048.21","18,771.92","17,518.70","15,423.95","20,119.79","18,483.08","19,092.31","18,696.93","18,593.84","17,606.50","16,632.72","16,308.87","16,956.96","15,715.81",17617.68 ,14171.33 ,15850.15 ,"18,212.98","17,848.83","18,876.35","18,160.46","18,094.64","19,606.49","15,820.71","15,942.20","14,390.43",16796.10 ,14749.98 ,20605.69 ,"18,607.27","20,321.27","18,034.58","17,972.70","19,027.29","18,176.77","18,285.47","16,186.11","15,937.86",18212.81 ,17225.02 ,18377.44 ,"18,561.20","18,003.65","19,246.70","19,549.90","20,104.76","18,708.80","17,132.85","16,668.22","15,165.98",14386.61 ,13240.04 ,14917.84 ,"16,470.78","16,673.11","18,260.57","17,793.17","17,356.82","17,486.76","16,571.21","15,272.71","14,492.04",17413.72 ,15018.39 ,17954.31 ,"18,142.49","18,453.73","17,827.93","16,926.40","18,217.05","17,315.44","16,760.77","19,893.00","17,504.83",17906.48 ,15837.70 ,19220.53 ,"17,133.26","17,591.82","18,919.44","18,327.36","19,408.12","18,117.02","18,418.48","16,524.14","16,894.36","15,684.88","16,799.62","17,394.97","17,014.24","18,586.07","19,262.81","213,663.95","19,669.57","22,548.72","23,896.72","17,982.25","11,618.80","12,343.80","10,548.33","12,802.85","12,278.08","13,132.37","12,150.80","190,932.75","12,604.00","12,105.15","12,699.51","11,199.05","11,069.42","12,357.45","11,468.99","12,379.09","11,942.67","10,753.62","10,827.65","10,652.09","11,690.49","13,020.72","12,050.78","12,021.53","11,538.84","13,003.62","12,228.83","14,233.01","14,094.05","12,523.05","13,117.00","13,093.99"
